"sku","name","selling_price","original_price","discount","availability","color","category","breadcrumbs","average_rating","reviews_count"
"H07758","Essentials Loose Logo Tank Top",20,25,5,"InStock","Purple","Clothing","Women/Clothing",4.8,116
"H07757","Essentials Loose Logo Tank Top",20,25,5,"InStock","Pink","Clothing","Women/Clothing",4.8,116
"H07756","Essentials Loose Logo Tank Top",20,25,5,"InStock","Green","Clothing","Women/Clothing",4.8,116
"GN9137","Formotion Sculpt Tights",48,80,32,"InStock","Blue","Clothing","Women/Clothing",4.2,144
"FZ1757","Marvel X Ghosted.3 Firm Ground Cleats",64,80,16,"InStock","Blue","Shoes","Soccer/Shoes",4.4,160
"GY5110","Pureboost 21 Shoes",91,130,39,"InStock","Purple","Shoes","Women/Shoes",4.5,63
"GZ8209","Lite Racer BYD 2.0 Shoes",56,70,14,"InStock","Grey","Shoes","Men/Shoes",4.6,135
"FZ2853","Adilette Shower Slides",20,25,5,"InStock","Pink","Shoes","Women/Shoes",4.6,327
"GL0567","Essentials Loose Logo Tank Top",20,25,5,"InStock","White","Clothing","Women/Clothing",4.8,116
"GK3487","Conext 21 Mini Ball",10,14,4,"InStock","White","Accessories","Men/Accessories",5,10
"H42010","Essentials Logo Dress",32,35,3,"InStock","Purple","Clothing","Women/Clothing",4.7,49
"FW6528","Copa Sense.3 Turf Shoes",64,80,16,"InStock","White","Shoes","Men/Shoes",4.3,106
"GS4153","Best Version of Myself Slogan Graphic Tank Top",18,25,7,"InStock","Yellow","Clothing","Women/Clothing",4.4,7
"H07840","Essentials 3-Stripes Full-Zip Hoodie",44,55,11,"InStock","Green","Clothing","Women/Clothing",5,21
"H14698","Best Version of Myself Slogan Graphic Tank Top",20,25,5,"InStock","Black","Clothing","Women/Clothing",4.4,7
"H39753","adidas Sportswear Future Icons Logo Graphic Tee",24,30,6,"InStock","Blue","Clothing","Men/Clothing",4.6,78
"GX5152","FutureNatural Shoes",84,120,36,"InStock","Blue","Shoes","Men/Shoes",4.5,204
"H04458","Marvel Superhero Racer TR 2.0 Shoes",35,43,8,"InStock","Black","Shoes","Kids/Shoes",5,9
"H48444","Primegreen Essentials Warm-Up Slim 3-Stripes Track Jacket",40,50,10,"InStock","Blue","Clothing","Women/Clothing",4.7,14
"HG6676","Sherpa Jacket",120,150,30,"InStock","Black","Clothing","Women/Clothing",4,2
"HG6677","Sherpa Jacket",120,150,30,"InStock","White","Clothing","Women/Clothing",4,2
"GU3945","Yoga Pants",56,70,14,"InStock","Green","Clothing","Men/Clothing",4.8,20
"H30296","AEROREADY Designed 2 Move Feelready Sport Long Sleeve Tee",24,30,6,"InStock","Green","Clothing","Men/Clothing",4.7,104
"GK9081","Essentials French Terry 3-Stripes Hoodie",42,60,18,"InStock","Blue","Clothing","Men/Clothing",4.9,88
"GY5019","Fluidflash Shoes",60,85,25,"InStock","White","Shoes","Essentials/Shoes",4.2,120
"GM5537","Essentials Slim Logo Shorts",18,25,7,"InStock","Grey","Clothing","Women/Clothing",4.8,54
"GS1343","Essentials 3-Stripes Crop Top",20,25,5,"InStock","Black","Clothing","Women/Clothing",4,6
"GV7380","ZX 2K Boost Shoes",105,150,45,"InStock","White","Shoes","Originals/Shoes",4.7,2540
"GZ8211","Lite Racer BYD 2.0 Shoes",56,70,14,"InStock","Blue","Shoes","Men/Shoes",4.6,135
"H07839","Essentials 3-Stripes Full-Zip Hoodie",44,55,11,"InStock","Blue","Clothing","Women/Clothing",5,21
"GZ7823","ZX 2K Boost 2.0 Shoes",105,150,45,"InStock","White","Shoes","Women/Shoes",4.7,58
"H00652","Racer TR21 Shoes",60,75,15,"InStock","Grey","Shoes","Women/Shoes",4.8,78
"H29175","Aeromotion Pants",42,60,18,"InStock","Blue","Clothing","Men/Clothing",4.8,8
"GZ9087","ZX 2K Boost 2.0 Shoes",105,150,45,"InStock","Black","Shoes","Men/Shoes",4.7,183
"HG6687","Crew Sweatshirt",60,75,15,"InStock","Purple","Clothing","Women/Clothing",5,1
"H20302","Allover Print Camo Shorts and Tee Set",36,45,9,"InStock","Blue","Clothing","Kids/Clothing",5,8
"GV2043","Marimekko Believe This Primegreen AEROREADY Training Bra",20,28,8,"InStock","Pink","Clothing","Kids/Clothing",4,2
"GS1355","Brand Love Repeat Logo High-Waist Woven Pants",36,45,9,"InStock","Black","Clothing","Women/Clothing",4.3,16
"GS3913","adidas x Zoe Saldana Feelbrilliant AEROREADY 3/4 Printed Sport Tights",36,45,9,"InStock","Black","Clothing","Women/Clothing",4.9,19
"H10244","Brand Love Repeat Logo High-Waist Woven Pants",41,45,4,"InStock","Purple","Clothing","Women/Clothing",4.3,16
"GZ7826","ZX 2K Boost 2.0 Shoes",105,150,45,"InStock","Green","Shoes","Women/Shoes",4.7,58
"EX6581","3-Stripes Low Cut Socks 3 Pairs",10,14,4,"InStock","Grey","Accessories","Women/Accessories",4.8,6
"H07368","Future Icons 3-Stripes Tapered-Leg Pants",32,45,13,"InStock","Grey","Clothing","Kids/Clothing",4.6,14
"GU0680","HEAT.RDY Warrior Tee",40,50,10,"InStock","Purple","Clothing","Men/Clothing",4.6,57
"GY3494","ZX 2K Boost 2.0 Shoes",135,150,15,"InStock","White","Shoes","Men/Shoes",4.7,183
"GZ7730","ZX 2K Boost Pure Shoes",135,150,15,"InStock","Blue","Shoes","Men/Shoes",4.3,26
"H00647","Racer TR21 Shoes",53,75,22,"InStock","White","Shoes","Women/Shoes",4.8,78
"H68075","EQ21 Run Shoes",64,80,16,"InStock","Grey","Shoes","Men/Shoes",4.6,146
"GV7386","Racer TR21 Shoes",68,75,7,"InStock","Black","Shoes","Men/Shoes",4.6,377
"H02584","Delpala x FMF Shoes",52,65,13,"InStock","White","Shoes","Originals/Shoes",4.8,59
"H68719","ZX 1K Boost Shoes",70,100,30,"InStock","Blue","Shoes","Originals/Shoes",3.9,515
"G58922","ZX 1K Boost Shoes",56,80,24,"InStock","White","Shoes","Kids/Shoes",4.6,37
"H00586","Puremotion Shoes",56,70,14,"InStock","White","Shoes","Women/Shoes",4.5,808
"GZ7824","ZX 2K Boost 2.0 Shoes",105,150,45,"InStock","White","Shoes","Women/Shoes",4.7,58
"GZ7825","ZX 2K Boost 2.0 Shoes",105,150,45,"InStock","Purple","Shoes","Women/Shoes",4.7,58
"H02939","ZX 1K Boost Shoes",70,100,30,"InStock","White","Shoes","Women/Shoes",4.2,77
"H00430","ZX 1K Boost Shoes",77,110,33,"InStock","Grey","Shoes","Men/Shoes",5,1
"FX6515","ZX 1K Boost Shoes",70,100,30,"InStock","Black","Shoes","Originals/Shoes",3.9,515
"H00428","ZX 1K Boost Shoes",77,110,33,"InStock","Black","Shoes","Men/Shoes",5,1
"H02937","ZX 1K Boost Shoes",70,100,30,"InStock","Grey","Shoes","Women/Shoes",4.2,77
"H02936","ZX 1K Boost Shoes",70,100,30,"InStock","Pink","Shoes","Women/Shoes",4.2,77
"H02554","Grand Court Shoes",52,65,13,"InStock","White","Shoes","Men/Shoes",4.7,838
"GK5265","Marathon 20 Shorts",21,26,5,"InStock","Black","Clothing","Women/Clothing",4.8,349
"GZ9173","ZX 1K Boost Shoes",70,100,30,"InStock","White","Shoes","Women/Shoes",4.2,77
"H04498","Multix Shoes",56,80,24,"InStock","White","Shoes","Women/Shoes",4.2,350
"S23688","X9000L3 Shoes",96,120,24,"InStock","White","Shoes","Women/Shoes",4.3,8
"H31065","Marathon 20 Shorts",27,30,3,"InStock","Red","Clothing","Women/Clothing",4.8,349
"H02975","Multix Shoes",56,80,24,"InStock","Yellow","Shoes","Women/Shoes",4.2,350
"H06648","LOUNGEWEAR Adicolor Essentials Tee",20,25,5,"InStock","Green","Clothing","Women/Clothing",4.6,344
"GH7532","Ultralight Allover Graphic Crew Performance Socks",13,18,5,"InStock","White","Accessories","Training/Accessories",4.6,62
"GM0307","Ultimate365 Core 8.5-Inch Shorts",46,65,19,"InStock","Yellow","Clothing","Men/Clothing",4.8,387
"H06672","Adicolor Classics 3-Stripes Crew Sweatshirt",48,60,12,"InStock","Blue","Clothing","Men/Clothing",4.8,214
"H13911","AEROREADY Designed 2 Move Sport Stretch Tee",20,25,5,"InStock","Green","Clothing","Men/Clothing",4.7,293
"GL0880","4ATHLTS ID Duffel Bag Small",28,40,12,"InStock","Black","Accessories","Training/Accessories",4.8,14
"H07890","LOUNGEWEAR Essentials Logo Fleece Hoodie",40,50,10,"InStock","Blue","Clothing","Women/Clothing",4.4,91
"GU6982","Running Ultralight Crew Performance Socks",12,15,3,"InStock","Green","Accessories","Training/Accessories",4.9,273
"GI7670","Running Ultralight Crew Performance Socks",13,18,5,"InStock","White","Accessories","Training/Accessories",4.9,273
"GK3479","Finale 21 20th Anniversary UCL Mini Ball",10,14,4,"InStock","White","Accessories","Men/Accessories",4.8,60
"GN3533","HER Studio London Track Jacket",64,80,16,"InStock","Multicolor","Clothing","Women/Clothing",4.7,88
"GM3494","Warp knit Cargo Pants",77,110,33,"InStock","Blue","Clothing","Men/Clothing",4.7,47
"H10149","Essentials 3-Stripes Cropped Hoodie",36,45,9,"InStock","Purple","Clothing","Women/Clothing",4.9,37
"H29918","Marathon Running Jacket (Plus Size)",80,100,20,"InStock","Black","Clothing","Women/Clothing",4.3,3
"GX2893","SAMBAROSE Shoes",60,100,40,"InStock","Pink","Shoes","Women/Shoes",4.7,1918
"GX2894","SAMBAROSE Shoes",60,100,40,"InStock","Pink","Shoes","Women/Shoes",4.7,1918
"GS8797","AEROREADY Designed 2 Move Sport Tee",18,22,4,"InStock","White","Clothing","Women/Clothing",4.6,40
"GT0140","Designed 2 Move 7/8 Sport Tights (Maternity)",36,45,9,"InStock","Blue","Clothing","Women/Clothing",3.9,134
"GV9740","Adilette Comfort Slides",28,35,7,"InStock","Gold","Shoes","Women/Shoes",4.7,3812
"GV9738","Adilette Comfort Slides",28,35,7,"InStock","White","Shoes","Women/Shoes",4.7,3812
"H12197","Essentials Mélange Embroidered Small Logo Hoodie",39,55,16,"InStock","Green","Clothing","Men/Clothing",4.7,66
"GZ2915","Adilette Comfort Slides",28,35,7,"InStock","Purple","Shoes","Women/Shoes",4.7,3812
"H39799","adidas Sportswear Future Icons Logo Graphic Pants",44,55,11,"InStock","Blue","Clothing","Men/Clothing",4.7,44
"GL0649","LOUNGEWEAR Essentials Logo Tee",20,25,5,"InStock","White","Clothing","Women/Clothing",4.7,35
"GQ1095","Classic 3-Stripes Swim Shorts",32,35,3,"InStock","Black","Clothing","Men/Clothing",4.7,201
"GL3961","Designed 2 Move 7/8 Sport Tights (Maternity)",36,45,9,"InStock","Black","Clothing","Women/Clothing",3.9,134
"H39784","adidas Sportswear Future Icons 3-Stripes Tee",24,30,6,"InStock","Grey","Clothing","Men/Clothing",4.6,67
"GN8269","LOUNGEWEAR Tights",28,35,7,"InStock","Purple","Clothing","Women/Clothing",4.5,236
"H40972","adidas Sportswear W.N.D. Windbreaker",68,85,17,"InStock","Pink","Clothing","Women/Clothing",5,6
"GU0325","Classic 3-Stripes Swim Shorts",28,35,7,"InStock","Pink","Clothing","Men/Clothing",4.7,201
"H39751","adidas Sportswear Future Icons Logo Graphic Tee",24,30,6,"InStock","Green","Clothing","Men/Clothing",4.6,78
"HA7682","adidas Sportswear Future Icons Logo Graphic Tee",21,30,9,"InStock","Grey","Clothing","Men/Clothing",4.6,78
"H39778","adidas Sportswear Future Icons 3-Stripes Hoodie",46,65,19,"InStock","Blue","Clothing","Men/Clothing",4.8,66
"H33318","AEROREADY Warrior Tee",32,40,8,"InStock","Red","Clothing","Men/Clothing",4.8,51
"H39752","adidas Sportswear Future Icons Logo Graphic Tee",24,30,6,"InStock","Blue","Clothing","Men/Clothing",4.6,78
"H39796","adidas Sportswear Future Icons Logo Graphic Pants",44,55,11,"InStock","Black","Clothing","Men/Clothing",4.7,44
"GR4086","adidas Sportswear Future Icons 3-Stripes Hoodie",52,65,13,"InStock","Black","Clothing","Men/Clothing",4.8,66
"H33317","AEROREADY Warrior Tee",32,40,8,"InStock","Blue","Clothing","Men/Clothing",4.8,51
"GZ2916","Adilette Comfort Slides",28,35,7,"InStock","Black","Shoes","Women/Shoes",4.7,3812
"H39779","adidas Sportswear Future Icons 3-Stripes Pants",44,55,11,"InStock","Blue","Clothing","Men/Clothing",4.7,54
"GR4097","adidas Sportswear Future Icons 3-Stripes Shorts",32,40,8,"InStock","Black","Clothing","Men/Clothing",4.9,30
"H39793","adidas Sportswear Future Icons 3-Stripes Tee",24,30,6,"InStock","Blue","Clothing","Men/Clothing",4.6,67
"GU0324","Classic 3-Stripes Swim Shorts",28,35,7,"InStock","Gold","Clothing","Men/Clothing",4.7,201
"GR4106","adidas Sportswear Future Icons Logo Graphic Hoodie",48,60,12,"InStock","Blue","Clothing","Men/Clothing",4.6,67
"GV9739","Adilette Comfort Slides",28,35,7,"InStock","Pink","Shoes","Women/Shoes",4.7,3812
"GZ2914","Adilette Comfort Slides",28,35,7,"InStock","Black","Shoes","Women/Shoes",4.7,3812
"H39790","adidas Sportswear Future Icons 3-Stripes Shorts",28,40,12,"InStock","Blue","Clothing","Men/Clothing",4.9,30
"H39749","adidas Sportswear Future Icons Logo Graphic Tee",24,30,6,"InStock","Burgundy","Clothing","Men/Clothing",4.6,78
"H06605","Hamburg Shoes",56,70,14,"InStock","Black","Shoes","Kids/Shoes",4.8,29
"GU8969","adidas Sportswear Future Icons Logo Graphic Hoodie",42,60,18,"InStock","Green","Clothing","Men/Clothing",4.6,67
"H39781","adidas Sportswear Future Icons 3-Stripes Hoodie",46,65,19,"InStock","Blue","Clothing","Men/Clothing",4.8,66
"H02815","Ultraboost Slip-On DNA Shoes",108,180,72,"InStock","White","Shoes","Women/Shoes",4.5,385
"H04641","Bryony Shoes",64,80,16,"InStock","White","Shoes","Women/Shoes",4.4,44
"GZ8185","Racer TR21 Shoes",60,75,15,"InStock","Grey","Shoes","Men/Shoes",4.6,377
"GZ8184","Racer TR21 Shoes",60,75,15,"InStock","Black","Shoes","Men/Shoes",4.6,377
"FX6530","ZX 2K Boost Shoes",84,120,36,"InStock","Black","Shoes","Kids/Shoes",4.8,80
"H04756","Cloudfoam Pure 2.0  Shoes",63,70,7,"InStock","White","Shoes","Women/Shoes",4.4,594
"H04642","Bryony Shoes",56,80,24,"InStock","White","Shoes","Women/Shoes",4.4,44
"H00948","Cloudfoam Pure 2.0  Shoes",56,70,14,"InStock","White","Shoes","Women/Shoes",4.4,594
"Q46111","Bryony Shoes",56,80,24,"InStock","White","Shoes","Women/Shoes",4.4,44
"H00945","Cloudfoam Pure 2.0  Shoes",49,70,21,"InStock","White","Shoes","Women/Shoes",4.4,594
"GY5100","Pureboost 21 Shoes",91,130,39,"InStock","Blue","Shoes","Men/Shoes",4.2,77
"H00465","Postmove Shoes",56,70,14,"InStock","White","Shoes","Men/Shoes",4.5,72
"GX3667","Ozelia Shoes",90,100,10,"InStock","Black","Shoes","Men/Shoes",4.7,344
"H00569","HER Studio London Adilette Slides",32,45,13,"InStock","Red","Shoes","Women/Shoes",4.4,207
"GV7307","Cloudfoam Pure 2.0  Shoes",56,70,14,"InStock","White","Shoes","Women/Shoes",4.4,594
"GV7757","Adilette Slides",32,45,13,"InStock","White","Shoes","Women/Shoes",4.4,207
"GX3631","Ozelia Shoes",90,100,10,"InStock","Green","Shoes","Men/Shoes",4.7,344
"GY5099","Pureboost 21 Shoes",91,130,39,"InStock","White","Shoes","Men/Shoes",4.2,77
"H00141","Adilette Slides",32,45,13,"InStock","Black","Shoes","Women/Shoes",4.4,207
"GW7536","Marimekko Adilette Slides",32,45,13,"InStock","Black","Shoes","Women/Shoes",4.4,207
"FX5923","Adilette Slides",32,45,13,"InStock","Black","Shoes","Women/Shoes",4.4,207
"H04248","Ozelia Shoes",90,100,10,"InStock","White","Shoes","Men/Shoes",4.7,344
"GZ7745","ZX 2K Boost 2.0 Shoes",105,150,45,"InStock","Grey","Shoes","Men/Shoes",4.7,183
"GZ7734","ZX 2K Boost 2.0 Shoes",105,150,45,"InStock","White","Shoes","Men/Shoes",4.7,183
"HA3053","Badge of Sport Classic Tee (Plus size)",20,25,5,"InStock","Green","Clothing","Women/Clothing",4.3,27
"GY8283","ZX 2K Boost 2.0 Shoes",105,150,45,"InStock","Black","Shoes","Men/Shoes",4.7,183
"S97358","Fleece Sweatshirt",18,30,12,"InStock","Blue","Clothing","Men/Clothing",4.8,53
"HE9397","Hyperglam Crop Crew Sweatshirt",48,60,12,"InStock","Black","Clothing","Women/Clothing",4.7,25
"GX8386","Swift X Shoes",60,85,25,"InStock","White","Shoes","Women/Shoes",4.3,55
"HF4154","Hyperglam Crop Crew Sweatshirt",48,60,12,"InStock","Purple","Clothing","Women/Clothing",4.7,25
"H00142","Adilette Slides",32,45,13,"InStock","White","Shoes","Women/Shoes",4.4,207
"GX8387","Swift X Shoes",60,85,25,"InStock","Red","Shoes","Women/Shoes",4.3,55
"GZ7733","ZX 2K Boost 2.0 Shoes",105,150,45,"InStock","Blue","Shoes","Men/Shoes",4.7,183
"H45371","adidas Sportswear Comfy & Chill Full Zip Hoodie",56,70,14,"InStock","Grey","Clothing","Men/Clothing",4.2,32
"H47892","adidas Sportswear Seasonals Stadium Shorts",32,40,8,"InStock","Black","Clothing","Women/Clothing",4.6,8
"HA5836","adidas Sportswear Future Icons Camo Graphic Sweatshirt",48,60,12,"InStock","Multicolor","Clothing","Men/Clothing",4.9,19
"H00541","EQ21 Run Shoes",64,80,16,"InStock","Grey","Shoes","Women/Shoes",4.4,152
"HA3052","Badge of Sport Classic Tee (Plus size)",20,25,5,"InStock","Pink","Clothing","Women/Clothing",4.3,27
"GW8086","EQ21 Run Shoes",64,80,16,"InStock","Purple","Shoes","Women/Shoes",4.4,152
"H45369","adidas Sportswear Comfy & Chill Full Zip Hoodie",56,70,14,"InStock","Black","Clothing","Men/Clothing",4.2,32
"H44967","Predators Long Sleeve Tee",24,30,6,"InStock","Grey","Clothing","Men/Clothing",4.6,5
"H00538","EQ21 Run Shoes",56,80,24,"InStock","Grey","Shoes","Women/Shoes",4.4,152
"HA2442","adidas Equipment Tiro Track Pants",40,50,10,"InStock","Black","Clothing","Men/Clothing",4.8,42
"HA3054","Badge of Sport Classic Tee (Plus size)",20,25,5,"InStock","Purple","Clothing","Women/Clothing",4.3,27
"H32387","Fold-Cuff Crew Socks 3 Pairs",10,14,4,"InStock","White","Accessories","Originals/Accessories",4.7,76
"GN4894","Fold-Cuff Crew Socks 3 Pairs",9,14,5,"InStock","White","Accessories","Originals/Accessories",4.7,76
"GS3917","adidas x Zoe Saldana Feelbrilliant AEROREADY 7/8 Printed Sport Tights",40,50,10,"InStock","Blue","Clothing","Women/Clothing",4.5,29
"H00474","adidas Sleek Shoes",56,80,24,"InStock","White","Shoes","Women/Shoes",4.6,608
"H20475","Marimekko Oversize Tee",32,40,8,"InStock","Black","Clothing","Women/Clothing",4.8,47
"GU0890","Classic Waist Bag",16,20,4,"InStock","Black","Accessories","Training/Accessories",5,1
"H20233","Cropped Letter Hoodie",52,65,13,"InStock","Red","Clothing","Women/Clothing",4.2,5
"H28797","AEROREADY Designed to Move Sport Motion Logo Hoodie",52,65,13,"InStock","Grey","Clothing","Men/Clothing",4.8,89
"GZ2668","Tensor Run Shoes",36,45,9,"InStock","White","Shoes","Kids/Shoes",4.8,580
"FY2858","Supernova+ Shoes",96,120,24,"InStock","White","Shoes","Men/Shoes",4.5,275
"FY0623","Predator Freak.3 Turf Shoes",64,80,16,"InStock","Black","Shoes","Soccer/Shoes",4.5,214
"H37831","Adicolor Classics Collegiate Cropped Hoodie",59,65,6,"InStock","Pink","Clothing","Women/Clothing",4.6,14
"H09044","Waist Bag",19,23,4,"InStock","Burgundy","Accessories","Women/Accessories",4.6,29
"GR9652","Designed to Move High-Rise Sport Zebra 7/8 Tights",36,45,9,"InStock","Black","Clothing","Women/Clothing",3.7,20
"H13478","Funny Dino Tee (Gender Neutral)",25,35,10,"InStock","White","Clothing","Men/Clothing",4.9,35
"H26649","adidas x Classic LEGO® Track Suit",60,75,15,"InStock","Blue","Clothing","Kids/Clothing",5,6
"Q46321","QT Racer Sport Shoes",52,65,13,"InStock","Black","Shoes","Women/Shoes",4.4,454
"FY1039","Predator Freak.3 Turf Shoes",48,60,12,"InStock","Black","Shoes","Kids/Shoes",4.7,117
"Q46322","QT Racer Sport Shoes",46,65,19,"InStock","Grey","Shoes","Women/Shoes",4.4,454
"S42716","Supernova+ Shoes",96,120,24,"InStock","Black","Shoes","Men/Shoes",4.5,275
"GW4842","QT Racer Sport Shoes",46,65,19,"InStock","White","Shoes","Women/Shoes",4.4,454
"GW4843","QT Racer Sport Shoes",46,65,19,"InStock","Pink","Shoes","Women/Shoes",4.4,454
"FX5938","Superstar Star Wars Shoes",53,75,22,"InStock","White","Shoes","Kids/Shoes",4.8,59
"S23979","ZX 360 Shoes",36,45,9,"InStock","Pink","Shoes","Kids/Shoes",4.8,18
"FZ2929","Ultraboost 21 Shoes",128,160,32,"InStock","White","Shoes","Kids/Shoes",4.6,241
"S23667","X9000L4 Shoes",98,140,42,"InStock","Black","Shoes","Men/Shoes",4.5,21
"FY5680","QT Racer Sport Shoes",46,65,19,"InStock","Black","Shoes","Women/Shoes",4.4,454
"H00515","EQ21 Run Shoes",64,80,16,"InStock","Grey","Shoes","Men/Shoes",4.6,146
"H00521","EQ21 Run Shoes",72,80,8,"InStock","Black","Shoes","Men/Shoes",4.6,146
"H00519","EQ21 Run Shoes",64,80,16,"InStock","Grey","Shoes","Men/Shoes",4.6,146
"GY0127","X9000L4 Shoes",112,140,28,"InStock","Black","Shoes","Men/Shoes",4.5,21
"HD9084","Manga Short Sleeve Tee",32,40,8,"InStock","Blue","Clothing","Men/Clothing",4.9,15
"FX6655","Supernova+ Shoes",84,120,36,"InStock","White","Shoes","Men/Shoes",4.5,275
"GZ5355","Retrorun Shoes",52,65,13,"InStock","Black","Shoes","Women/Shoes",4.5,762
"H00512","EQ21 Run Shoes",72,80,8,"InStock","Black","Shoes","Men/Shoes",4.6,146
"H01399","ZX 8000 Shoes",84,120,36,"InStock","Beige","Shoes","Men/Shoes",4.8,83
"GW4852","Grand Court Shoes",36,45,9,"InStock","White","Shoes","Kids/Shoes",4.8,31
"FX6658","Supernova+ Shoes",84,120,36,"InStock","Black","Shoes","Men/Shoes",4.5,275
"H02124","ZX 8000 Shoes",84,120,36,"InStock","Grey","Shoes","Men/Shoes",4.8,83
"H00511","EQ21 Run Shoes",72,80,8,"InStock","White","Shoes","Men/Shoes",4.6,146
"FZ2267","Superstar Mules",60,85,25,"InStock","Beige","Shoes","Women/Shoes",3.9,60
"S42717","Supernova+ Shoes",84,120,36,"InStock","Grey","Shoes","Men/Shoes",4.5,275
"H02110","ZX 8000 Shoes",108,120,12,"InStock","Green","Shoes","Men/Shoes",4.8,83
"GT0135","Designed to Move High-Rise Sport Zebra 7/8 Tights",36,45,9,"InStock","Blue","Clothing","Women/Clothing",3.7,20
"FZ2268","Superstar Mules",60,85,25,"InStock","Black","Shoes","Women/Shoes",3.9,60
"H02119","ZX 8000 Shoes",108,120,12,"InStock","Yellow","Shoes","Men/Shoes",4.8,83
"H02111","ZX 8000 Shoes",108,120,12,"InStock","Beige","Shoes","Men/Shoes",4.8,83
"H15775","Cropped Letter Hoodie",52,65,13,"InStock","Black","Clothing","Women/Clothing",4.2,5
"H20236","Cropped Letter Hoodie",52,65,13,"InStock","White","Clothing","Women/Clothing",4.2,5
"GT0186","Primeblue Designed 2 Move Woven 3-Stripes Sport Shorts",20,25,5,"InStock","Burgundy","Clothing","Women/Clothing",4.7,41
"H25298","Trefoil Hoodie (Plus Size)",52,65,13,"InStock","Pink","Clothing","Women/Clothing",4.9,154
"GN3064","Vintage Airliner Luxe Shopper Bag",41,58,17,"InStock","Black","Accessories","Originals/Accessories",4.7,132
"H33570","Adicolor Classics Long Sleeve Tee",32,40,8,"InStock","Grey","Clothing","Women/Clothing",4.8,239
"H00429","ZX 1K Boost Shoes",77,110,33,"InStock","Beige","Shoes","Men/Shoes",5,1
"EX6532","Santiago Lunch Bag",20,25,5,"InStock","Black","Accessories","Training/Accessories",5,51
"GN3430","Bra Top",25,35,10,"InStock","Multicolor","Clothing","Women/Clothing",4.2,33
"H17991","Waist Bag",32,45,13,"InStock","Multicolor","Accessories","Women/Accessories",4.6,7
"GV9695","Adilette Comfort Slides",28,35,7,"InStock","White","Shoes","Men/Shoes",4.7,7291
"EX6530","Santiago Lunch Bag",20,25,5,"InStock","Grey","Accessories","Training/Accessories",5,51
"FY8836","Adilette Comfort Slides",24,30,6,"InStock","Black","Shoes","Kids/Shoes",4.8,84
"H22615","Originals x Kevin Lyons SST Set",44,55,11,"OutOfStock","Black","Clothing","Kids/Clothing",4.8,16
"H04549","Grand Court Shoes",52,65,13,"InStock","White","Shoes","Men/Shoes",4.7,838
"H39787","adidas Sportswear Future Icons 3-Stripes Tee",24,30,6,"InStock","White","Clothing","Men/Clothing",4.6,67
"EY1191","Adicolor Snap Case iPhone X",21,30,9,"InStock","Black","Accessories","Originals/Accessories",4.8,12
"FZ1700","Adilette Comfort Slides",32,40,8,"InStock","Black","Shoes","Swim/Shoes",4.7,7291
"GZ7040","Samba shoes",63,90,27,"InStock","Black","Shoes","Originals/Shoes",4.7,1891
"GZ1013","Adilette Shower Slides",20,25,5,"InStock","Black","Shoes","Men/Shoes",4.5,5815
"EY1181","Adicolor Snap Case iPhone X",21,30,9,"InStock","Green","Accessories","Originals/Accessories",4.8,12
"GV9714","Adilette Comfort Sandals",28,35,7,"InStock","Pink","Shoes","Swim/Shoes",4.7,7291
"GV7149","Grand Court Shoes",52,65,13,"InStock","Green","Shoes","Men/Shoes",4.7,838
"GZ1008","Adilette Shower Slides",20,25,5,"InStock","Blue","Shoes","Men/Shoes",4.5,5815
"GR4111","adidas Sportswear Future Icons Logo Graphic Tee",24,30,6,"InStock","White","Clothing","Men/Clothing",4.6,78
"GV9713","Adilette Comfort Sandals",28,35,7,"InStock","Blue","Shoes","Swim/Shoes",4.7,7291
"GX1024","Samba OG Shoes",81,90,9,"InStock","White","Shoes","Originals/Shoes",4.7,1891
"GZ2792","Advantage Eco Shoes",56,70,14,"InStock","White","Shoes","Men/Shoes",4.6,619
"GZ7039","Samba OG Shoes",63,90,27,"InStock","White","Shoes","Originals/Shoes",4.7,1891
"GU1737","Classic Next Generation Athlete Backpack",35,50,15,"InStock","Green","Accessories","Training/Accessories",4.9,28
"GU0074","Real Madrid Scarf",18,22,4,"InStock","White","Accessories","Soccer/Accessories",4.8,5
"FY4553","Court Rallye Slip Shoes",44,55,11,"InStock","Black","Shoes","Originals/Shoes",4.5,449
"GU3145","Sport Duffel Bag",40,50,10,"InStock","Burgundy","Accessories","Women/Accessories",5,3
"EF0211","Advantage Shoes",40,50,10,"InStock","White","Shoes","Kids/Shoes",4.8,545
"GU0870","Classic Next Generation Athlete Backpack",35,50,15,"InStock","Black","Accessories","Training/Accessories",4.9,28
"H04260","OZWEEGO Shoes",77,110,33,"InStock","White","Shoes","Women/Shoes",4.8,332
"H05006","Court Rallye Slip Shoes",50,55,5,"InStock","Black","Shoes","Originals/Shoes",4.5,449
"GZ8656","Nizza Shoes",52,65,13,"InStock","White","Shoes","Men/Shoes",4.6,1050
"H04259","OZWEEGO Shoes",77,110,33,"InStock","Black","Shoes","Women/Shoes",4.8,332
"FY8103","Adilette Aqua Slides",20,25,5,"InStock","Blue","Shoes","Women/Shoes",4.6,2274
"GZ7610","Grand Court Shoes",35,50,15,"InStock","Grey","Shoes","Kids/Shoes",4.8,463
"FY8107","Adilette Aqua Slides",20,25,5,"InStock","Pink","Shoes","Women/Shoes",4.6,2274
"FY8875","Advantage Shoes",40,50,10,"InStock","White","Shoes","Kids/Shoes",4.8,545
"H01063","Hoops 2.0 Mid Shoes",44,55,11,"InStock","Black","Shoes","Kids/Shoes",4.8,234
"GY4944","Climacool Vento Shoes",98,140,42,"InStock","White","Shoes","Running/Shoes",4.6,491
"EF1730","Adilette Aqua Slides",20,25,5,"InStock","White","Shoes","Swim/Shoes",4.5,5499
"FY8106","Adilette Aqua Slides",20,25,5,"InStock","Blue","Shoes","Women/Shoes",4.6,2274
"H05007","Court Rallye Slip Shoes",44,55,11,"InStock","White","Shoes","Originals/Shoes",4.5,449
"FY4551","Court Rallye Slip Shoes",44,55,11,"InStock","Black","Shoes","Originals/Shoes",4.5,449
"G54899","Climacool Vento Shoes",98,140,42,"InStock","Blue","Shoes","Running/Shoes",4.6,491
"FZ1720","Climacool Vento Shoes",112,140,28,"InStock","Black","Shoes","Running/Shoes",4.6,491
"H29905","How We Do Long Tights",60,75,15,"InStock","Grey","Clothing","Women/Clothing",4.7,45
"FY8656","Comfort Flip-Flops",24,30,6,"InStock","White","Shoes","Women/Shoes",4.5,245
"EX6854","Classic Superlite Super-No-Show Socks 6 Pairs",16,20,4,"InStock","Multicolor","Accessories","Men/Accessories",4.9,76
"EX6896","Trefoil Superlite Super-No-Show Socks 6 Pairs",16,20,4,"InStock","White","Accessories","Women/Accessories",4.8,154
"FX6822","Supernova Shoes",70,100,30,"InStock","White","Shoes","Men/Shoes",4.5,1047
"H33588","adidas Adicolor Trefoil Hoodie",52,65,13,"InStock","Red","Clothing","Women/Clothing",4.8,671
"EW9826","Superlite Super-No-Show Socks 6 Pairs",16,20,4,"InStock","Multicolor","Accessories","Women/Accessories",4.8,68
"EW9820","Superlite Super-No-Show Socks 6 Pairs",16,20,4,"InStock","White","Accessories","Women/Accessories",4.8,68
"GZ5313","Adilette Boost Slides",48,60,12,"InStock","Blue","Shoes","Swim/Shoes",4.6,1365
"H33587","adidas Adicolor Trefoil Hoodie",52,65,13,"InStock","Pink","Clothing","Women/Clothing",4.8,671
"FY2861","Supernova Tokyo Shoes",80,100,20,"InStock","White","Shoes","Men/Shoes",4.5,1047
"S42723","Supernova Shoes",80,100,20,"InStock","White","Shoes","Men/Shoes",4.5,1047
"EX4452","Stretch Cotton Boxer Briefs 3 Pairs",24,30,6,"InStock","Blue","Clothing","Men/Clothing",4.9,165
"EX6752","Trefoil Backpack",36,45,9,"InStock","Black","Accessories","Originals/Accessories",4.8,59
"FX6810","Supernova Shoes",50,100,50,"InStock","Blue","Shoes","Women/Shoes",4.5,1030
"S42548","Supernova Shoes",80,100,20,"InStock","Grey","Shoes","Women/Shoes",4.5,1030
"FZ8483","Sport Waist Pack",20,25,5,"InStock","Blue","Accessories","Originals/Accessories",4.8,176
"H00237","Superstar Shoes",72,90,18,"InStock","White","Shoes","Men/Shoes",4.7,1095
"EX4454","Stretch Cotton Boxer Briefs 3 Pairs",24,30,6,"InStock","Grey","Clothing","Men/Clothing",4.9,165
"GD1521","Believe This Solid 7/8 Tights​ (Plus Size)",44,55,11,"InStock","Grey","Clothing","Women/Clothing",4.5,47
"HG6658","Hoodie",60,75,15,"InStock","Green","Clothing","Originals/Clothing",5,2
"EX6751","Trefoil Backpack",36,45,9,"InStock","Multicolor","Accessories","Originals/Accessories",4.8,59
"EY1067","Techfit Tights",25,35,10,"InStock","Red","Clothing","Kids/Clothing",4.2,5
"S42546","Supernova Shoes",80,100,20,"InStock","White","Shoes","Women/Shoes",4.5,1030
"FY2862","Supernova Tokyo Shoes",70,100,30,"InStock","White","Shoes","Women/Shoes",4.5,1030
"EY1068","Techfit Tights",25,35,10,"InStock","White","Clothing","Kids/Clothing",4.2,5
"H05361","Superstar Shoes",88,110,22,"InStock","White","Shoes","Men/Shoes",4.7,1095
"EW9760","Superlite Low-Cut Socks 6 Pairs",16,20,4,"InStock","Multicolor","Accessories","Men/Accessories",5,18
"S42545","Supernova Shoes",80,100,20,"InStock","Black","Shoes","Women/Shoes",4.5,1030
"FZ2497","Supernova Shoes",70,100,30,"InStock","Purple","Shoes","Women/Shoes",4.5,1030
"FY8654","Comfort Flip-Flops",24,30,6,"InStock","Black","Shoes","Men/Shoes",4.7,470
"EW9824","Superlite Super-No-Show Socks 6 Pairs",16,20,4,"InStock","Multicolor","Accessories","Women/Accessories",4.8,68
"EX7523","Colorwash No-Show Socks 3 Pairs",11,15,4,"InStock","Multicolor","Accessories","Women/Accessories",4.9,17
"EX6589","Sport Stripe High Quarter Socks 3 Pairs",13,16,3,"InStock","White","Accessories","Women/Accessories",4.8,5
"EX6575","3-Stripes Crew Socks 3 Pairs",12,14,2,"InStock","Grey","Accessories","Women/Accessories",5,2
"EX6914","Essentials Backpack",32,45,13,"InStock","Red","Accessories","Training/Accessories",4.8,64
"EX6749","Trefoil Backpack",36,45,9,"InStock","Grey","Accessories","Originals/Accessories",4.8,59
"GZ7767","Stan Smith Shoes",72,90,18,"InStock","White","Shoes","Men/Shoes",4.7,11750
"HF9214","College Tee",23,28,5,"InStock","White","Clothing","Men/Clothing",3,2
"EX6915","Essentials Backpack",36,45,9,"InStock","Black","Accessories","Training/Accessories",4.8,64
"GY5460","Stan Smith Shoes",72,90,18,"InStock","White","Shoes","Men/Shoes",4.7,11750
"EX6911","Essentials Backpack",36,45,9,"InStock","Blue","Accessories","Training/Accessories",4.8,64
"GV7665","Stan Smith Shoes",80,100,20,"InStock","White","Shoes","Originals/Shoes",4.7,11750
"HG6674","Cargo Pants",64,80,16,"InStock","Black","Clothing","Women/Clothing",4,1
"H34490","Own the Run Tee",28,35,7,"InStock","White","Clothing","Men/Clothing",4.7,1352
"H34491","Own the Run Tee",32,35,3,"InStock","Red","Clothing","Men/Clothing",4.7,1352
"EY0319","Techfit Tights",25,35,10,"InStock","Black","Clothing","Kids/Clothing",4.2,5
"FR1165","Ultimate365 3-Stripes Polo Shirt",33,65,32,"InStock","White","Clothing","Men/Clothing",4.7,69
"H25392","Primeblue SST Track Pants (Plus Size)",52,65,13,"InStock","Pink","Clothing","Women/Clothing",4.8,237
"H28785","AEROREADY Designed to Move Sport Motion Logo Tee",21,30,9,"InStock","White","Clothing","Men/Clothing",4.5,46
"H34500","Own the Run Long Sleeve Tee",36,40,4,"InStock","White","Clothing","Men/Clothing",4.7,350
"EY1066","Techfit Tights",25,35,10,"InStock","Blue","Clothing","Kids/Clothing",4.2,5
"GT5548","AEROREADY Designed 2 Move Feelready Sport Tee",18,25,7,"InStock","Yellow","Clothing","Men/Clothing",4.7,427
"FR1167","Ultimate365 3-Stripes Polo Shirt",38,75,37,"InStock","Burgundy","Clothing","Men/Clothing",4.7,69
"GT5557","AEROREADY Designed 2 Move Feelready Sport Tee",18,25,7,"InStock","Green","Clothing","Men/Clothing",4.7,427
"GT5551","AEROREADY Designed 2 Move Feelready Sport Tee",20,25,5,"InStock","Blue","Clothing","Men/Clothing",4.7,427
"GJ9877","Saturday Shorts",45,50,5,"InStock","Grey","Clothing","Men/Clothing",4.4,215
"GS3911","adidas x Zoe Saldana Feelbrilliant AEROREADY 3/4 Printed Sport Tights",36,45,9,"InStock","Blue","Clothing","Women/Clothing",4.9,19
"H10251","Brand Love Repeat Logo Half-Zip Windbreaker",52,65,13,"InStock","Pink","Clothing","Women/Clothing",4.8,8
"GS3883","adidas x Zoe Saldana Crop Logo Tee (Plus Size)",26,28,2,"InStock","Pink","Clothing","Women/Clothing",4.4,10
"GS3885","adidas x Zoe Saldana Crop Logo Tee (Plus Size)",26,28,2,"InStock","Green","Clothing","Women/Clothing",4.4,10
"GS3881","adidas x Zoe Saldana Crop Logo Tee (Plus Size)",26,28,2,"InStock","White","Clothing","Women/Clothing",4.4,10
"GS1368","Brand Love Repeat Logo Half-Zip Windbreaker",52,65,13,"InStock","Purple","Clothing","Women/Clothing",4.8,8
"GS1352","Essentials 3-Stripes Track Jacket",48,60,12,"InStock","Black","Clothing","Women/Clothing",4.4,9
"GS3930","adidas x Zoe Saldana AEROREADY Bra Top",23,28,5,"InStock","Blue","Clothing","Women/Clothing",4.5,8
"H28790","AEROREADY Designed to Move Sport Motion Logo Tee",21,30,9,"InStock","Green","Clothing","Men/Clothing",4.5,46
"H10180","Essentials 3-Stripes Track Jacket",48,60,12,"InStock","White","Clothing","Women/Clothing",4.4,9
"FZ2708","HULK STAN SMITH SHOES",70,100,30,"InStock","Black","Shoes","Originals/Shoes",4.7,11750
"GS3921","adidas x Zoe Saldana AEROREADY Sport Tee",24,30,6,"InStock","Green","Clothing","Women/Clothing",5,6
"H06746","adidas SPRT Logo Tee",28,35,7,"InStock","Black","Clothing","Men/Clothing",4.8,17
"GS3922","adidas x Zoe Saldana AEROREADY Sport Tee",24,30,6,"InStock","Blue","Clothing","Women/Clothing",5,6
"H09422","Adicolor Classics 3-Stripes Tights",36,40,4,"InStock","Pink","Clothing","Women/Clothing",4.7,307
"H37790","Adicolor Classics Bra Top",26,28,2,"InStock","White","Clothing","Women/Clothing",4.9,37
"H11363","Adicolor Track Pants",56,80,24,"InStock","Black","Clothing","Men/Clothing",4.1,16
"GS6302","FARM Rio Print Relaxed Lightweight Windbreaker",52,65,13,"InStock","Black","Clothing","Women/Clothing",4.8,43
"H28784","AEROREADY Designed to Move Sport Motion Logo Tee",21,30,9,"InStock","Blue","Clothing","Men/Clothing",4.5,46
"GT9130","Essentials Light Down Vest",49,70,21,"InStock","Green","Clothing","Men/Clothing",4.8,142
"H35596","Adicolor Backpack",27,33,6,"InStock","Black","Accessories","Originals/Accessories",4.8,298
"H22747","Logo Play Cropped Hoodie",52,65,13,"InStock","Grey","Clothing","Women/Clothing",4.6,16
"H09150","Adicolor Classics MM Trefoil Shorts",36,45,9,"InStock","Orange","Clothing","Men/Clothing",4.9,104
"H06656","Adicolor Essentials Fleece Sweatshirt",45,50,5,"InStock","Green","Clothing","Women/Clothing",4.5,128
"H20476","Marimekko Shorts",32,40,8,"InStock","Red","Clothing","Women/Clothing",4.5,56
"H09423","Adicolor Classics 3-Stripes Tights",32,40,8,"InStock","Blue","Clothing","Women/Clothing",4.7,307
"H37793","Adicolor Classics Bra Top",23,28,5,"InStock","Pink","Clothing","Women/Clothing",4.9,37
"H37881","Adicolor Essentials Cropped Tee",23,25,2,"InStock","Green","Clothing","Women/Clothing",4.7,34
"H37813","Adicolor Classics Satin Tape Cropped Hoodie",56,70,14,"InStock","Blue","Clothing","Women/Clothing",4.7,23
"H37812","Adicolor Classics Satin Tape Cropped Hoodie",56,70,14,"InStock","Black","Clothing","Women/Clothing",4.7,23
"FX4616","Terrex Trailmaker Hiking Shoes",77,110,33,"InStock","Green","Shoes","Men/Shoes",4.7,111
"GS6301","FARM Rio Print Relaxed Lightweight Windbreaker",52,65,13,"InStock","Blue","Clothing","Women/Clothing",4.8,43
"H37866","adidas SPRT Colorblock Track Pants",56,70,14,"InStock","Grey","Clothing","Men/Clothing",4.5,29
"HE7156","Graphics Camo Allover Print Tee",28,35,7,"InStock","Green","Clothing","Men/Clothing",4.9,18
"H32339","Adicolor Cropped Hoodie",36,45,9,"InStock","Pink","Clothing","Kids/Clothing",4.8,22
"H20422","Track Pants",49,70,21,"InStock","Multicolor","Clothing","Women/Clothing",4.8,19
"H13485","Graphics Monogram Track Jacket",63,90,27,"InStock","Black","Clothing","Men/Clothing",4.3,9
"H19278","adidas Connected Through Sport Long Sleeve Graphic Tee",28,35,7,"InStock","Black","Clothing","Men/Clothing",5,9
"H25275","R.Y.V. Baseball Cap",19,26,7,"InStock","Black","Accessories","Originals/Accessories",4.9,34
"H14656","Essentials Logo Hoodie (Gender Neutral)",44,55,11,"InStock","Blue","Clothing","Essentials/Clothing",4.7,29
"GH6829","Karlie Kloss Bikini Top",35,50,15,"InStock","Green","Clothing","Women/Clothing",4.8,4
"H20405","Tights",32,40,8,"InStock","Blue","Clothing","Women/Clothing",4.9,42
"H13473","Graphics Camo Shorts",36,45,9,"InStock","Blue","Clothing","Men/Clothing",4.9,38
"H20421","Track Pants",56,70,14,"InStock","Multicolor","Clothing","Women/Clothing",4.8,19
"GH6828","Karlie Kloss Bikini Top",35,50,15,"InStock","Black","Clothing","Women/Clothing",4.8,4
"H20301","Allover Print SST Pants",32,40,8,"InStock","Blue","Clothing","Kids/Clothing",5,15
"H34571","Adicolor Collegiate Baseball Cap",18,22,4,"InStock","Red","Accessories","Originals/Accessories",4.5,15
"H31271","Split Hoodie",56,70,14,"InStock","Black","Clothing","Men/Clothing",4.8,32
"H34570","Adicolor Collegiate Baseball Cap",16,22,6,"InStock","Black","Accessories","Originals/Accessories",4.5,15
"GU3637","Graphic Tee",24,30,6,"InStock","White","Clothing","Men/Clothing",4.8,18
"GS7215","Lil Stripe Ignite SZN Hoodie",49,65,16,"InStock","Orange","Clothing","Men/Clothing",5,2
"GS7212","Lil Stripe Ignite SZN Hoodie",49,65,16,"InStock","Black","Clothing","Men/Clothing",5,2
"GU1468","Long Sleeve Graphic Tee",28,35,7,"InStock","White","Clothing","Men/Clothing",4.8,4
"GS7214","Lil Stripe Ignite SZN Hoodie",49,65,16,"InStock","Blue","Clothing","Men/Clothing",5,2
"H31273","Split Hoodie",56,70,14,"InStock","Blue","Clothing","Men/Clothing",4.8,32
"CK1862","Team Speed Soccer OTC Socks",13,18,5,"InStock","Black","Accessories","Training/Accessories",4.8,45
"CK1867","Team Speed Soccer OTC Socks",13,18,5,"InStock","White","Accessories","Training/Accessories",4.8,45
"H33542","Adicolor Classics Oversized Sweatshirt​",52,65,13,"InStock","Pink","Clothing","Women/Clothing",4.7,63
"H09266","Primegreen Essentials Comfort Fleece Loose Cropped 3-Stripes Sweatshirt",40,50,10,"InStock","Black","Clothing","Women/Clothing",5,2
"CK1868","Team Speed Soccer OTC Socks",13,18,5,"InStock","White","Accessories","Training/Accessories",4.8,45
"H09144","Adicolor Classics MM Trefoil Hoodie",64,80,16,"InStock","Orange","Clothing","Men/Clothing",4.9,35
"CK1870","Team Speed Soccer OTC Socks",13,18,5,"InStock","White","Accessories","Training/Accessories",4.8,45
"GT6880","Tiro Track Pants",28,40,12,"InStock","Black","Clothing","Kids/Clothing",4.6,74
"CK1869","Team Speed Soccer OTC Socks",13,18,5,"InStock","White","Accessories","Training/Accessories",4.8,45
"H03941","Stan Smith Shoes",72,90,18,"InStock","White","Shoes","Women/Shoes",4.6,1841
"FX6042","Superstar Shoes",72,90,18,"InStock","White","Shoes","Women/Shoes",4.7,9636
"FX6048","Superstar Shoes",63,90,27,"InStock","White","Shoes","Women/Shoes",4.7,9636
"G55669","Stan Smith Shoes",72,90,18,"InStock","White","Shoes","Women/Shoes",4.6,1841
"H03924","Stan Smith Shoes",72,90,18,"InStock","White","Shoes","Women/Shoes",4.6,1841
"GX5153","FutureNatural Shoes",84,120,36,"InStock","Grey","Shoes","Men/Shoes",4.5,204
"H56733","Holiday Graphic Tights (Plus Size)",36,45,9,"InStock","Burgundy","Clothing","Women/Clothing",3.7,3
"H35588","Adicolor Branded Webbing Waist Bag",23,28,5,"InStock","Blue","Accessories","Originals/Accessories",4.6,48
"GV7377","Stan Smith Shoes",63,90,27,"InStock","White","Shoes","Women/Shoes",4.6,1841
"H05680","Adilette Lite Slides",21,30,9,"InStock","Pink","Shoes","Women/Shoes",4.7,454
"GY5801","ZX 2K Boost Shoes",105,150,45,"InStock","Grey","Shoes","Men/Shoes",4.7,2540
"H05679","Adilette Lite Slides",21,30,9,"InStock","White","Shoes","Women/Shoes",4.7,454
"CK1866","Team Speed Soccer OTC Socks",13,18,5,"InStock","Green","Accessories","Training/Accessories",4.8,45
"GY5806","ZX 2K Boost Shoes",105,150,45,"InStock","Red","Shoes","Men/Shoes",4.7,2540
"GZ7924","NMD_R1 Shoes",112,140,28,"InStock","Grey","Shoes","Originals/Shoes",4.6,3938
"FX5925","Adilette Lite Slides",21,30,9,"InStock","Orange","Shoes","Women/Shoes",4.7,454
"FX9734","Futurenatural Shoes",84,120,36,"InStock","Black","Shoes","Men/Shoes",4.5,204
"H36277","Holiday Graphic Tights (Plus Size)",36,45,9,"InStock","Black","Clothing","Women/Clothing",3.7,3
"GL3856","adidas x Zoe Saldana AEROREADY 7/8 Leggings",39,55,16,"InStock","Pink","Clothing","Women/Clothing",4,25
"H02029","Grand Court SE Shoes",52,65,13,"InStock","White","Shoes","Men/Shoes",4.8,165
"FX9741","Futurenatural Shoes",84,120,36,"InStock","Black","Shoes","Women/Shoes",4.5,125
"H06577","ZX 2K Boost Shoes",105,150,45,"InStock","White","Shoes","Originals/Shoes",4.7,2540
"FX7030","ZX 2K Boost Shoes",105,150,45,"InStock","White","Shoes","Originals/Shoes",4.7,2540
"GY5808","ZX 2K Boost Shoes",105,150,45,"InStock","Green","Shoes","Men/Shoes",4.7,2540
"GY2630","ZX 2K Boost Shoes",105,150,45,"InStock","White","Shoes","Originals/Shoes",4.7,2540
"FX4694","Terrex Trailmaker GORE-TEX Hiking Shoes",91,130,39,"InStock","Black","Shoes","Women/Shoes",4.5,96
"FX7031","ZX 2K Boost Shoes",105,150,45,"InStock","Yellow","Shoes","Originals/Shoes",4.7,2540
"H01232","Nizza Platform Shoes",46,65,19,"InStock","White","Shoes","Women/Shoes",4.7,1599
"H02682","Nizza Platform Shoes",52,65,13,"InStock","Multi","Shoes","Women/Shoes",4.7,1599
"FW9310","Terrex Two Flow Trail Running Shoes",88,110,22,"InStock","White","Shoes","Men/Shoes",4.7,92
"H34726","Adicolor Essentials Fleece Hoodie",44,55,11,"InStock","Green","Clothing","Women/Clothing",4.7,94
"H05681","Adilette Lite Slides",21,30,9,"InStock","Blue","Shoes","Women/Shoes",4.7,454
"GZ8856","Nizza Platform Shoes",46,65,19,"InStock","Multi","Shoes","Women/Shoes",4.7,1599
"H00136","Adilette Lite Slides",21,30,9,"InStock","White","Shoes","Women/Shoes",4.7,454
"H04578","Daily 3.0 Shoes",54,60,6,"InStock","White","Shoes","Men/Shoes",4.6,843
"GZ8144","Adilette Lite Slides",21,30,9,"InStock","White","Shoes","Women/Shoes",4.7,454
"FX9742","Futurenatural Shoes",84,120,36,"InStock","White","Shoes","Women/Shoes",4.5,125
"GX5143","FutureNatural Shoes",96,120,24,"InStock","Pink","Shoes","Women/Shoes",4.5,125
"GY5807","ZX 2K Boost Shoes",105,150,45,"InStock","Grey","Shoes","Men/Shoes",4.7,2540
"FX4183","Terrex Trailmaker Hiking Shoes",46,65,19,"InStock","White","Shoes","Kids/Shoes",4.7,31
"FX5080","Geodiver Primeblue Shoes",63,90,27,"InStock","Black","Shoes","Men/Shoes",4.6,512
"S23674","X9000L4 Shoes",98,140,42,"InStock","Black","Shoes","Women/Shoes",4.5,108
"H00589","Puremotion Shoes",56,70,14,"InStock","Black","Shoes","Women/Shoes",4.5,808
"FY1119","Marvel Predator Freak.1 Firm Ground Cleats",200,250,50,"InStock","Yellow","Shoes","Soccer/Shoes",4.3,260
"FY8169","Grand Court SE Shoes",52,65,13,"InStock","White","Shoes","Men/Shoes",4.8,165
"FZ2594","Terrex Trailmaker Hiking Shoes",52,65,13,"InStock","Purple","Shoes","Kids/Shoes",4.7,31
"FZ2592","Terrex Trailmaker RAIN.RDY Hiking Shoes",64,80,16,"InStock","Purple","Shoes","Kids/Shoes",4.8,29
"S23672","X9000L4 Shoes",98,140,42,"InStock","White","Shoes","Women/Shoes",4.5,108
"FX4934","Superstar 360 Primeblue Sandals",25,35,10,"InStock","Yellow","Shoes","Kids/Shoes",4.9,25
"FW6514","Copa Sense.3 Firm Ground Cleats",64,80,16,"InStock","Black","Shoes","Soccer/Shoes",4.5,214
"FX5079","Geodiver Primeblue Shoes",63,90,27,"InStock","White","Shoes","Men/Shoes",4.6,512
"Q47136","Multix Shoes",48,60,12,"InStock","Pink","Shoes","Kids/Shoes",4.8,85
"GZ5256","Lite Racer Adapt 3.0 Shoes",39,55,16,"InStock","Black","Shoes","Kids/Shoes",4.6,602
"FX1482","Adizero Club Tennis Shoes",44,55,11,"InStock","Blue","Shoes","Kids/Shoes",4.5,17
"G55781","ZX 700 HD Shoes",63,90,27,"InStock","White","Shoes","Men/Shoes",4.1,251
"H05335","ZX 1K Boost Shoes",70,100,30,"InStock","Black","Shoes","Men/Shoes",3.9,515
"H05328","ZX 1K Boost Shoes",70,100,30,"InStock","White","Shoes","Men/Shoes",3.9,515
"H00416","ZX 1K Boost Shoes",90,100,10,"InStock","Blue","Shoes","Men/Shoes",3.9,515
"GZ7985","Lite Racer Adapt 3.0 Shoes",44,55,11,"InStock","Grey","Shoes","Kids/Shoes",4.6,602
"GW8625","ZX 1K Boost Shoes",70,100,30,"InStock","Green","Shoes","Women/Shoes",4.2,77
"FX6865","ZX 1K Boost Shoes",70,100,30,"InStock","Turquoise","Shoes","Women/Shoes",4.2,77
"FZ3208","NMD_R1 Spectoo Shoes",75,150,75,"OutOfStock","Pink","Shoes","Women/Shoes",4.1,181
"H02951","Multix Shoes",64,80,16,"InStock","Black","Shoes","Men/Shoes",4.5,314
"GX6117","ZX 1K Boost Shoes",90,100,10,"InStock","White","Shoes","Originals/Shoes",3.9,515
"GY0638","Superstar Shoes",88,110,22,"InStock","White","Shoes","Men/Shoes",4.8,1866
"FY3631","ZX 1K Boost Shoes",90,100,10,"InStock","Orange","Shoes","Men/Shoes",3.9,515
"GZ7017","Originals Flex Shoes",56,70,14,"InStock","Black","Shoes","Kids/Shoes",4.5,41
"FX5812","ZX 700 HD shoes",81,90,9,"InStock","Black","Shoes","Men/Shoes",4.1,251
"H01851","ZX 700 HD Shoes",81,90,9,"InStock","Grey","Shoes","Men/Shoes",4.1,251
"H01847","ZX 700 HD Shoes",81,90,9,"InStock","Grey","Shoes","Men/Shoes",4.1,251
"GW8622","ZX 1K Boost Shoes",70,100,30,"InStock","Green","Shoes","Originals/Shoes",3.9,515
"H04494","Multix Shoes",56,80,24,"InStock","Green","Shoes","Women/Shoes",4.2,350
"GZ5243","Puremotion Shoes",48,60,12,"InStock","Black","Shoes","Kids/Shoes",4.9,18
"H01846","ZX 700 HD Shoes",81,90,9,"InStock","Yellow","Shoes","Men/Shoes",4.1,251
"H01782","Geodiver Primeblue Shoes",72,90,18,"InStock","White","Shoes","Men/Shoes",4.6,512
"GV7760","ZX 2K Boost Shoes",90,150,60,"InStock","White","Shoes","Women/Shoes",4.7,684
"H68718","ZX 1K Boost Shoes",70,100,30,"InStock","Grey","Shoes","Originals/Shoes",3.9,515
"G58090","ZX 2K Boost Shoes",90,150,60,"InStock","White","Shoes","Women/Shoes",4.7,684
"FZ4689","Geodiver Primeblue Shoes",72,90,18,"InStock","Blue","Shoes","Men/Shoes",4.6,512
"G58089","ZX 2K Boost Shoes",90,150,60,"InStock","Blue","Shoes","Women/Shoes",4.7,684
"FY1103","ZX 700 HD shoes",63,90,27,"InStock","White","Shoes","Men/Shoes",4.1,251
"GX6118","ZX 1K Boost Shoes",70,100,30,"InStock","Yellow","Shoes","Women/Shoes",4.2,77
"FY0375","Ultraboost 21 Shoes",126,180,54,"InStock","Grey","Shoes","Men/Shoes",4.6,3900
"H05250","Superstar Shoes",72,90,18,"InStock","White","Shoes","Men/Shoes",4.8,1866
"H04318","Swift Run X Shoes",60,85,25,"InStock","Pink","Shoes","Women/Shoes",4.5,562
"GZ9172","ZX 1K Boost Shoes",70,100,30,"InStock","White","Shoes","Women/Shoes",4.2,77
"FY1102","ZX 700 HD shoes",63,90,27,"InStock","Blue","Shoes","Men/Shoes",4.1,251
"G55780","ZX 700 HD Shoes",63,90,27,"InStock","Black","Shoes","Men/Shoes",4.1,251
"H04319","Swift Run X Shoes",60,85,25,"InStock","White","Shoes","Women/Shoes",4.5,562
"H04519","Runfalcon 2.0 Shoes",48,60,12,"InStock","Grey","Shoes","Women/Shoes",4.7,540
"GZ9045","Swift Run X Shoes",68,85,17,"InStock","White","Shoes","Men/Shoes",4.6,1254
"GZ9079","ZX 1K Boost Shoes",70,100,30,"InStock","Grey","Shoes","Men/Shoes",3.9,515
"GV7671","Superstar Shoes",72,90,18,"InStock","White","Shoes","Originals/Shoes",4.8,1866
"H04306","Swift Run X Shoes",68,85,17,"InStock","Grey","Shoes","Men/Shoes",4.6,1254
"FY7717","Superstar Shoes",63,90,27,"InStock","White","Shoes","Originals/Shoes",4.8,1866
"GV7672","Superstar Shoes",72,90,18,"InStock","White","Shoes","Originals/Shoes",4.8,1866
"H03071","Swift Run X Shoes",68,85,17,"InStock","Black","Shoes","Men/Shoes",4.6,1254
"H04305","Swift Run X Shoes",68,85,17,"InStock","Black","Shoes","Men/Shoes",4.6,1254
"FX5570","Superstar Shoes",72,90,18,"InStock","Yellow","Shoes","Originals/Shoes",4.8,1866
"GY5793","Superstar Shoes",68,85,17,"InStock","Blue","Shoes","Men/Shoes",4.8,1866
"GZ3704","Superstar Shoes",68,85,17,"InStock","White","Shoes","Originals/Shoes",4.8,1866
"H04331","Swift Run X Shoes",68,85,17,"InStock","Black","Shoes","Women/Shoes",4.5,562
"H02700","Nizza Platform Mid Shoes",53,75,22,"InStock","Green","Shoes","Women/Shoes",4.8,470
"FY0377","Ultraboost 21 Shoes",144,180,36,"InStock","White","Shoes","Men/Shoes",4.6,3900
"FY9623","Runfalcon 2.0 Shoes",42,60,18,"InStock","White","Shoes","Women/Shoes",4.7,540
"FY5438","Swift Run X Shoes",60,85,25,"InStock","Grey","Shoes","Men/Shoes",4.6,1254
"H00547","QT Racer 2.0 Shoes",52,65,13,"InStock","White","Shoes","Women/Shoes",4.2,452
"H05645","Superstar Shoes",68,85,17,"InStock","White","Shoes","Originals/Shoes",4.8,1866
"GX2537","Superstar Shoes",68,85,17,"InStock","White","Shoes","Originals/Shoes",4.8,1866
"FY0374","Ultraboost 21 Shoes",126,180,54,"InStock","Black","Shoes","Men/Shoes",4.6,3900
"H05791","QT Racer 2.0 Shoes",52,65,13,"InStock","Grey","Shoes","Women/Shoes",4.2,452
"GZ5314","Adilette Clogs",41,45,4,"InStock","Blue","Shoes","Swim/Shoes",4.6,2005
"GZ7435","Runfalcon 2.0 Shoes",36,45,9,"InStock","Grey","Shoes","Kids/Shoes",4.6,451
"G58105","Fluidflow 2.0 Shoes",64,80,16,"InStock","Blue","Shoes","Men/Shoes",4.6,375
"H00128","Superstar Shoes",68,85,17,"InStock","White","Shoes","Originals/Shoes",4.8,1866
"H00602","QT Racer 2.0 Shoes",52,65,13,"InStock","Black","Shoes","Women/Shoes",4.2,452
"GZ7416","Runfalcon 2.0 Shoes",40,50,10,"InStock","Red","Shoes","Kids/Shoes",4.6,427
"FY9496","Runfalcon 2.0 Shoes",40,50,10,"InStock","White","Shoes","Kids/Shoes",4.6,427
"H00561","QT Racer 2.0 Shoes",52,65,13,"InStock","Black","Shoes","Women/Shoes",4.2,452
"FZ3281","Terrex AX4 Primegreen Hiking Shoes",72,90,18,"InStock","Blue","Shoes","Men/Shoes",4.3,88
"G58098","Run Falcon 2.0 Shoes",48,60,12,"InStock","White","Shoes","Men/Shoes",4.7,1518
"H00548","QT Racer 2.0 Shoes",52,65,13,"InStock","Black","Shoes","Women/Shoes",4.2,452
"H03263","Kaptir Super Shoes",72,90,18,"InStock","Black","Shoes","Men/Shoes",4.4,595
"GZ7998","NMD_R1 Shoes",112,140,28,"InStock","White","Shoes","Women/Shoes",4.5,1702
"GZ7417","Runfalcon 2.0 Shoes",40,50,10,"InStock","Grey","Shoes","Kids/Shoes",4.6,427
"H04105","FortaRun Lace Running Shoes",44,55,11,"InStock","Grey","Shoes","Kids/Shoes",4.7,104
"GV7369","QT Racer 2.0 Shoes",46,65,19,"InStock","Pink","Shoes","Women/Shoes",4.2,452
"FY8315","QT Racer 2.0 Shoes",46,65,19,"InStock","Black","Shoes","Women/Shoes",4.2,452
"H04567","Response Super 2.0 Shoes",72,90,18,"InStock","White","Shoes","Men/Shoes",4.5,94
"GY7536","Mexico Gamemode Firm Ground Cleats",80,100,20,"InStock","White","Shoes","Soccer/Shoes",4.7,24
"H04563","Response Super 2.0 Shoes",72,90,18,"InStock","White","Shoes","Men/Shoes",4.5,94
"GZ7418","Runfalcon 2.0 Shoes",40,50,10,"InStock","Black","Shoes","Kids/Shoes",4.6,427
"FY5961","Fluidflow 2.0 Shoes",56,80,24,"InStock","White","Shoes","Women/Shoes",4.6,274
"H04537","Run Falcon 2.0 Shoes",48,60,12,"InStock","Orange","Shoes","Men/Shoes",4.7,1518
"H02028","Response Super 2.0 Shoes",63,90,27,"InStock","Pink","Shoes","Women/Shoes",4.2,38
"GY7535","Gamemode Firm Ground Cleats",80,100,20,"InStock","Silver","Shoes","Soccer/Shoes",4.7,24
"Q46282","Kaptir Super Shoes",72,90,18,"InStock","Grey","Shoes","Women/Shoes",4.2,319
"H04540","Run Falcon 2.0 Shoes",48,60,12,"InStock","Blue","Shoes","Men/Shoes",4.7,1518
"S42589","ZX 1K Boost Shoes",56,80,24,"InStock","White","Shoes","Kids/Shoes",4.6,37
"Q46281","Kaptir Super Shoes",72,90,18,"InStock","Black","Shoes","Women/Shoes",4.2,319
"H02027","Response Super 2.0 Shoes",63,90,27,"InStock","Black","Shoes","Women/Shoes",4.2,38
"H02557","Kaptir Super Shoes",72,90,18,"InStock","Grey","Shoes","Men/Shoes",4.4,595
"H04216","OZWEEGO Pure Shoes",96,120,24,"InStock","Black","Shoes","Men/Shoes",4.6,318
"GZ8172","Kaptir Super Shoes",72,90,18,"InStock","Black","Shoes","Men/Shoes",4.4,595
"FZ1927","Ultraboost 21 x Parley Shoes",126,180,54,"InStock","White","Shoes","Men/Shoes",4.5,207
"GZ5346","Kaptir Super Shoes",72,90,18,"InStock","White","Shoes","Women/Shoes",4.2,319
"GY2745","FortaRun Lace Running Shoes",44,55,11,"InStock","Red","Shoes","Kids/Shoes",4.7,104
"G58068","Response Super 2.0 Shoes",81,90,9,"InStock","Black","Shoes","Men/Shoes",4.5,94
"H05263","Ultraboost DNA 1.0 Shoes",144,180,36,"InStock","Turquoise","Shoes","Running/Shoes",4.8,584
"H05765","Racer TR21 Shoes",60,75,15,"InStock","Blue","Shoes","Men/Shoes",4.6,377
"H05264","Ultraboost DNA 1.0 Shoes",144,180,36,"InStock","Green","Shoes","Running/Shoes",4.8,584
"GX0538","NMD_R1 V2 Shoes",112,140,28,"InStock","White","Shoes","Men/Shoes",4.5,223
"GZ8193","Racer TR21 Shoes",60,75,15,"InStock","Blue","Shoes","Men/Shoes",4.6,377
"GX0544","NMD_R1 V2 Shoes",112,140,28,"InStock","White","Shoes","Men/Shoes",4.5,223
"H04566","Response Super 2.0 Shoes",81,90,9,"InStock","Blue","Shoes","Men/Shoes",4.5,94
"H04565","Response Super 2.0 Shoes",81,90,9,"InStock","Black","Shoes","Men/Shoes",4.5,94
"H04226","OZWEEGO Pure Shoes",96,120,24,"InStock","White","Shoes","Men/Shoes",4.6,318
"H02025","Response Super 2.0 Shoes",63,90,27,"InStock","Grey","Shoes","Women/Shoes",4.2,38
"FY2637","ZX 2K Boost Shoes",84,120,36,"InStock","White","Shoes","Kids/Shoes",4.8,80
"GY5062","ZX 2K Boost Shoes",84,120,36,"InStock","White","Shoes","Kids/Shoes",4.8,80
"H00651","Racer TR21 Shoes",60,75,15,"InStock","White","Shoes","Women/Shoes",4.8,78
"H04808","Lite Racer Adapt 4.0 Shoes",46,65,19,"InStock","White","Shoes","Men/Shoes",4.6,395
"FY2638","ZX 2K Boost Shoes",84,120,36,"InStock","Yellow","Shoes","Kids/Shoes",4.8,80
"GZ8194","Racer TR21 Shoes",60,75,15,"InStock","Grey","Shoes","Men/Shoes",4.6,377
"G58171","Racer TR Slides",28,35,7,"InStock","Blue","Shoes","Swim/Shoes",4.4,79
"H02816","Ultraboost Slip-On DNA Shoes",108,180,72,"InStock","Black","Shoes","Women/Shoes",4.5,385
"Q46276","ZX 1K Shoes",46,65,19,"InStock","Black","Shoes","Kids/Shoes",4.7,17
"Q46278","ZX 1K Shoes",46,65,19,"InStock","White","Shoes","Kids/Shoes",4.7,17
"GZ8191","Racer TR21 Shoes",60,75,15,"InStock","White","Shoes","Men/Shoes",4.6,377
"H00496","EQ21 Run COLD.RDY Shoes",68,85,17,"InStock","Black","Shoes","Men/Shoes",4.6,28
"GZ8206","Lite Racer BYD 2.0 Shoes",56,70,14,"InStock","Green","Shoes","Men/Shoes",4.6,135
"G55776","Racer TR21 Shoes",53,75,22,"OutOfStock","Black","Shoes","Women/Shoes",4.8,78
"G58844","Gamemode Firm Ground Cleats",80,100,20,"InStock","White","Shoes","Soccer/Shoes",4.7,24
"H04643","Bryony Shoes",56,80,24,"InStock","White","Shoes","Women/Shoes",4.4,44
"H01461","NMD_R1 Spectoo Shoes",96,120,24,"InStock","Purple","Shoes","Kids/Shoes",4.7,18
"GZ8183","Racer TR21 Shoes",60,75,15,"InStock","Burgundy","Shoes","Men/Shoes",4.6,377
"H00460","Postmove Shoes",56,70,14,"InStock","Black","Shoes","Men/Shoes",4.5,72
"GY5469","Bryony Shoes",56,80,24,"InStock","White","Shoes","Women/Shoes",4.4,44
"Q46277","ZX 1K Shoes",46,65,19,"InStock","White","Shoes","Kids/Shoes",4.7,17
"H00462","Postmove Shoes",56,70,14,"InStock","White","Shoes","Men/Shoes",4.5,72
"H02366","ZX 2K Shoes",56,70,14,"InStock","Green","Shoes","Kids/Shoes",4.9,14
"S42627","HULK STAN SMITH SHOES",42,60,18,"InStock","Black","Shoes","Kids/Shoes",4.6,8
"EW9589","Linear Superlite Super-No-Show Socks 6 Pairs",14,20,6,"InStock","Beige","Accessories","Men/Accessories",4.7,55
"H00466","Ownthegame Shoes",52,65,13,"InStock","Red","Shoes","Men/Shoes",4.7,105
"GT0133","Designed to Move High-Rise Sport Zebra Capri Tights",32,40,8,"InStock","Blue","Clothing","Women/Clothing",4.3,3
"GZ7408","Hamburg Shoes",56,70,14,"InStock","Pink","Shoes","Kids/Shoes",4.8,29
"EX6977","Creator Backpack",32,40,8,"InStock","Multicolor","Accessories","Training/Accessories",4.9,33
"GS3915","adidas x Zoe Saldana Feelbrilliant AEROREADY 7/8 Printed Sport Tights (Plus Size)",40,50,10,"InStock","Blue","Clothing","Women/Clothing",5,4
"EW9771","Superlite UB21 Tabbed No-Show Socks 2 Pairs",12,14,2,"InStock","Grey","Accessories","Men/Accessories",4.7,15
"H22737","Blue Version Luxe Backpack",196,280,84,"InStock","Black","Accessories","Originals/Accessories",5,1
"GV5302","AEROREADY Designed to Move Sport Motion Logo Hoodie",52,65,13,"InStock","Black","Clothing","Men/Clothing",4.8,89
"EW9877","Performance Mesh Boxer Briefs 3 Pairs",28,35,7,"InStock","Blue","Clothing","Men/Clothing",4.7,18
"H13274","4ATHLTS Backpack",28,40,12,"InStock","Blue","Accessories","Training/Accessories",4.8,206
"H07803","Essentials Logo Tee (Plus Size)",20,25,5,"InStock","White","Clothing","Women/Clothing",4.5,29
"H55477","Jayhawks Quarter-Zip Knit Sweatshirt",60,75,15,"InStock","Multi","Clothing","Men/Clothing",5,2
"Q47217","Kaptir 2.0 Shoes",52,65,13,"InStock","Black","Shoes","Kids/Shoes",4.7,41
"GH7271","Tiro Primegreen Bottom Compartment Duffel Bag Medium",32,45,13,"InStock","Blue","Accessories","Soccer/Accessories",4.8,38
"GK8732","Traveer WIND.RDY Jacket",80,100,20,"InStock","Purple","Clothing","Men/Clothing",5,3
"EX3625","Graphic Tee and Shorts Set",26,32,6,"InStock","Red","Clothing","Kids/Clothing",5,1
"GU1858","adidas x Classic LEGO® Tee",23,28,5,"InStock","Yellow","Clothing","Kids/Clothing",4.7,15
"GP6780","Ultimate Bra",46,65,19,"InStock","Black","Clothing","Women/Clothing",4.6,112
"GU1862","adidas x Classic LEGO® Tights",32,45,13,"InStock","Orange","Clothing","Kids/Clothing",5,1
"FX4190","Terrex Hyperhiker Low Hiking Shoes",42,60,18,"InStock","Grey","Shoes","Kids/Shoes",4.9,171
"FW2735","Terrex Speed Pro Trail Running Shoes",105,150,45,"InStock","Green","Shoes","Women/Shoes",4.3,15
"HB4778","adidas Love Unites All Me 3-Stripes Graphic Bra",41,45,4,"InStock","Black","Clothing","Women/Clothing",4.9,18
"GR9653","Designed to Move High-Rise Sport Zebra Capri Tights",32,40,8,"InStock","Black","Clothing","Women/Clothing",4.3,3
"HC2917","Hyperglam Light Support Bra",28,35,7,"InStock","Green","Clothing","Women/Clothing",4,11
"GY4919","Lite Racer Adapt 4.0 Shoes",44,55,11,"InStock","Blue","Shoes","Kids/Shoes",4.5,191
"GM1410","Marathon 3-Stripes Jacket",56,70,14,"InStock","Black","Clothing","Men/Clothing",4.8,39
"H20304","Camo Print Graphic Tee",19,23,4,"InStock","White","Clothing","Kids/Clothing",5,1
"H45131","HEAT.RDY Running Tank Top",41,45,4,"InStock","Red","Clothing","Women/Clothing",4.8,9
"GS4165","adidas x FARM Rio Print Boyfriend Cropped Cotton Logo Tee",23,25,2,"InStock","Purple","Clothing","Women/Clothing",4.8,13
"H29894","Runner Tee",36,45,9,"InStock","Purple","Clothing","Women/Clothing",4.6,76
"EW9777","Superlite No-Show Socks 6 Pairs",16,20,4,"InStock","Multicolor","Accessories","Men/Accessories",4.8,120
"HG6686","Crew Sweatshirt",56,70,14,"InStock","Green","Clothing","Women/Clothing",5,1
"HG6681","Crew Sweatshirt",56,70,14,"InStock","White","Clothing","Women/Clothing",5,1
"GS3923","adidas x Zoe Saldana AEROREADY Rib Tank Top",23,28,5,"InStock","White","Clothing","Women/Clothing",4.2,9
"HG6660","Long Sleeve Dress",56,70,14,"InStock","White","Clothing","Women/Clothing",5,1
"HG6659","Long Sleeve Dress",56,70,14,"InStock","Purple","Clothing","Women/Clothing",5,1
"HG6650","Leggings",40,50,10,"InStock","Green","Clothing","Women/Clothing",5,1
"HG6661","Long Sleeve Dress",56,70,14,"InStock","Green","Clothing","Women/Clothing",5,1
"HG6649","Leggings",40,50,10,"InStock","Black","Clothing","Women/Clothing",5,1
"GT0188","Primeblue Designed 2 Move Woven 3-Stripes Sport Shorts",20,25,5,"InStock","Blue","Clothing","Women/Clothing",4.7,41
"GT0184","AEROREADY Designed 2 Move Sport Tank Top (Maternity)",18,25,7,"InStock","Green","Clothing","Women/Clothing",4.7,51
"GT0185","AEROREADY Designed 2 Move Sport Tank Top (Maternity)",18,25,7,"InStock","Blue","Clothing","Women/Clothing",4.7,51
"GS8612","AEROREADY FeelBrilliant Designed 2 Move 7/8 Tights (Plus Size)",36,45,9,"InStock","Blue","Clothing","Women/Clothing",4.1,14
"HG6680","Crew Sweatshirt",56,70,14,"InStock","Black","Clothing","Women/Clothing",5,1
"GT0165","AEROREADY FeelBrilliant Designed 2 Move 7/8 Tights",36,45,9,"InStock","Black","Clothing","Women/Clothing",4.7,58
"GS8611","AEROREADY FeelBrilliant Designed 2 Move 7/8 Tights",41,45,4,"InStock","Blue","Clothing","Women/Clothing",4.7,58
"GL4060","Designed 2 Move Bootcut Pants (Plus Size)",32,45,13,"InStock","Black","Clothing","Women/Clothing",4.5,34
"GL4048","Designed 2 Move High-Rise 3-Stripes 7/8 Sport Tights (Plus Size)",26,43,17,"InStock","Grey","Clothing","Women/Clothing",4.2,87
"GM2066","Aeroknit Designed 2 Move Sport Seamless Tee",24,30,6,"InStock","Black","Clothing","Men/Clothing",4.8,27
"GL4002","adidas Designed 2 Move AEROREADY Dance 7/8 Tights",32,45,13,"InStock","Pink","Clothing","Women/Clothing",4.1,50
"GM2140","Aeroknit Designed 2 Move Sport Seamless Long Sleeve Tee",28,35,7,"InStock","Black","Clothing","Men/Clothing",4.8,11
"GL4006","adidas Designed 2 Move AEROREADY Cropped Tee",25,35,10,"InStock","Pink","Clothing","Women/Clothing",4.7,9
"GT0163","AEROREADY FeelBrilliant Designed 2 Move 7/8 Tights (Plus Size)",36,45,9,"InStock","Black","Clothing","Women/Clothing",4.1,14
"FT9976","SH3.RO Tankini Bottoms (Plus Size)",28,35,7,"InStock","Black","Clothing","Women/Clothing",4.8,4
"FY5928","4D Fusio Shoes",180,200,20,"InStock","Grey","Shoes","Originals/Shoes",4.2,562
"FY5929","4D Fusio Shoes",180,200,20,"InStock","Orange","Shoes","Originals/Shoes",4.2,562
"GS6339","FARM Rio AEROREADY 3-Stripes Print Sports Crop Top",24,30,6,"InStock","Black","Clothing","Women/Clothing",4.7,3
"H10198","Brand Love Slanted Logo Boyfriend Tee",23,28,5,"InStock","Purple","Clothing","Women/Clothing",4.6,7
"H07824","Essentials Loose 3-Stripes Cropped Tee",20,25,5,"InStock","Pink","Clothing","Women/Clothing",4.6,33
"FX4197","Terrex Hydroterra Shandal Water Shoes",42,60,18,"InStock","Pink","Shoes","Kids/Shoes",4.6,14
"HA0130","Parley Shorts",40,50,10,"InStock","Pink","Clothing","Women/Clothing",4,2
"H07819","Essentials Loose 3-Stripes Cropped Tee",20,25,5,"InStock","Purple","Clothing","Women/Clothing",4.6,33
"H22755","Logo Play Tee",27,30,3,"InStock","Grey","Clothing","Women/Clothing",4.5,13
"H21571","adidas Sportswear Seasonals Stadium Sweatshirt",42,60,18,"InStock","Pink","Clothing","Women/Clothing",4.5,2
"G55557","Special 21 Shoes",40,80,40,"InStock","Purple","Shoes","Women/Shoes",4.5,50
"H31111","adidas Sportswear Seasonals Stadium Hooded Track Jacket (Plus Size)",56,70,14,"InStock","Pink","Clothing","Women/Clothing",5,1
"H37830","Adicolor Classics Collegiate Cropped Hoodie",52,65,13,"InStock","Red","Clothing","Women/Clothing",4.6,14
"H37754","Adicolor Classics Ripstop Shorts",32,40,8,"InStock","Pink","Clothing","Women/Clothing",4.4,34
"GR8267","3-Stripes Training Tee (Plus Size)",24,30,6,"InStock","Pink","Clothing","Women/Clothing",4,2
"GR8147","Elevate Yoga Flow 7/8 Tights",72,90,18,"InStock","Purple","Clothing","Women/Clothing",4.4,44
"GT0167","AEROREADY Breathable Sport Tank Top",23,28,5,"InStock","Pink","Clothing","Women/Clothing",4.7,15
"H37827","Adicolor Classics Collegiate Tight Tee",28,35,7,"InStock","Pink","Clothing","Women/Clothing",4.4,31
"GS8609","AEROREADY Breathable 3-Stripes Long Sleeve Tee",28,35,7,"InStock","Purple","Clothing","Women/Clothing",4.8,12
"GS3924","adidas x Zoe Saldana AEROREADY Rib Tank Top",23,28,5,"InStock","Pink","Clothing","Women/Clothing",4.2,9
"GS4142","Soft Floral Box Graphic Tank Top",20,25,5,"InStock","Pink","Clothing","Women/Clothing",4.4,10
"H24101","adidas Sportswear Future Icons Logo Graphic Tee",28,35,7,"InStock","Pink","Clothing","Women/Clothing",4.8,6
"EX6840","Marble Wash Mini Hat",20,28,8,"InStock","Multicolor","Accessories","Women/Accessories",5,2
"HA7646","adidas Sportswear Future Icons Hoodie",46,65,19,"InStock","Purple","Clothing","Women/Clothing",4.6,14
"Q47138","Multix Shoes",40,50,10,"InStock","Pink","Shoes","Kids/Shoes",4.8,79
"FY6537","Stan Smith Shoes",40,50,10,"InStock","White","Shoes","Kids/Shoes",5,9
"GZ7457","ZX 2K Boost Shoes",96,120,24,"InStock","Green","Shoes","Kids/Shoes",4.3,8
"S23977","ZX 360 Shoes",44,55,11,"InStock","Pink","Shoes","Kids/Shoes",4.8,16
"H37775","Adicolor Classics Tricot Skirt",36,40,4,"InStock","Pink","Clothing","Women/Clothing",4.6,46
"GZ8141","Choigo Shoes",70,100,30,"InStock","White","Shoes","Women/Shoes",4.7,135
"FY2860","Supernova+ Shoes",84,120,36,"InStock","White","Shoes","Women/Shoes",4.3,151
"FY2688","Stan Smith Primeblue Shoes",35,50,15,"InStock","White","Shoes","Kids/Shoes",4.5,13
"GZ7874","ZX 2K Boost Pure Shoes",105,150,45,"InStock","White","Shoes","Women/Shoes",4.5,52
"GZ0160","Court Tourino Shoes",56,80,24,"InStock","Black","Shoes","Women/Shoes",4.6,16
"H04193","Geodiver Primeblue Shoes",63,90,27,"InStock","Pink","Shoes","Women/Shoes",4.5,42
"H04267","Ozelia Shoes",70,100,30,"InStock","White","Shoes","Women/Shoes",4.7,85
"H02148","ZX 8000 Shoes",84,120,36,"InStock","White","Shoes","Women/Shoes",5,6
"H05280","Court Tourino Shoes",56,80,24,"InStock","White","Shoes","Women/Shoes",4.6,16
"H02368","ZX 2K Shoes",48,60,12,"InStock","Green","Shoes","Kids/Shoes",4.9,27
"FX5981","Stan Smith Primeblue Shoes",53,75,22,"InStock","White","Shoes","Kids/Shoes",5,4
"S42626","Continental 80 Stripes Shoes",70,100,30,"InStock","White","Shoes","Women/Shoes",4.4,16
"GZ7456","ZX 2K Boost Shoes",96,120,24,"InStock","White","Shoes","Kids/Shoes",4.3,8
"H04324","Choigo Shoes",70,100,30,"InStock","White","Shoes","Women/Shoes",4.7,135
"GZ8689","Continental 80 Vegan Shoes",70,100,30,"InStock","White","Shoes","Women/Shoes",4.6,21
"FY4884","Special 21 Shoes",56,80,24,"InStock","Black","Shoes","Women/Shoes",4.5,50
"Q47127","Swift Run X Shoes",44,55,11,"InStock","Grey","Shoes","Kids/Shoes",5,6
"GZ7875","ZX 2K Boost Pure Shoes",105,150,45,"InStock","White","Shoes","Women/Shoes",4.5,52
"FI5157","Amplifier Tee",16,20,4,"InStock","Green","Clothing","Women/Clothing",4.5,63
"S23683","X9000L3 Shoes",96,120,24,"InStock","White","Shoes","Men/Shoes",4.3,48
"GI7309","Terrex Primeknit Rain.RDY Jacket",240,300,60,"InStock","Black","Clothing","Men/Clothing",5,4
"HC9929","Hurricanes Premier Alternate Jersey",108,120,12,"InStock","Green","Clothing","Men/Clothing",1,1
"FX4186","Terrex Hyperhiker Hiking Shoes",46,65,19,"InStock","Black","Shoes","Kids/Shoes",4.8,91
"H20306","Allover Print Camo Graphic Tee",20,25,5,"InStock","Blue","Clothing","Kids/Clothing",4.8,34
"GT3882","Primeblue Always Om Yoga Shorts",32,45,13,"InStock","Blue","Clothing","Men/Clothing",4.4,7
"S29055","Terrex Trailmaker Primegreen Hiking Shoes",88,110,22,"InStock","Beige","Shoes","Men/Shoes",4.8,16
"GU9689","adidas Sportswear Future Icons 3-Stripes Skinny Pants",44,55,11,"InStock","Black","Clothing","Women/Clothing",4,4
"GZ0159","Lite Racer Adapt 4.0 Shoes",39,55,16,"InStock","Blue","Shoes","Kids/Shoes",4.5,191
"GV2052","Marimekko Techfit Primegreen AEROREADY Training Pocket Tights",28,40,12,"InStock","Pink","Clothing","Kids/Clothing",4.1,9
"S29238","Stan Smith 360 Shoes",36,45,9,"InStock","White","Shoes","Kids/Shoes",4.8,5
"S24022","ZX 1K Boost Shoes",64,80,16,"InStock","Green","Shoes","Kids/Shoes",5,3
"G58478","Edge Lux 4 Shoes",68,85,17,"InStock","White","Shoes","Women/Shoes",3.8,69
"H00458","Postmove Shoes",56,70,14,"InStock","Pink","Shoes","Women/Shoes",4.6,84
"H05315","Continental 80 Vegan Shoes",70,100,30,"InStock","White","Shoes","Women/Shoes",4.6,21
"H00455","Postmove Shoes",49,70,21,"InStock","White","Shoes","Women/Shoes",4.6,84
"H02321","NMD_R1 Refined Shoes",96,120,24,"InStock","White","Shoes","Kids/Shoes",4.5,50
"H00457","Postmove Shoes",56,70,14,"InStock","Black","Shoes","Women/Shoes",4.6,84
"H03958","adidas Superstar x LEGO® Shoes",64,80,16,"InStock","White","Shoes","Kids/Shoes",5,87
"H00456","Postmove Shoes",49,70,21,"InStock","White","Shoes","Women/Shoes",4.6,84
"H02723","Terrex Two Ultra Parley AP Shoes",126,180,54,"InStock","White","Shoes","Women/Shoes",4,3
"H00459","Postmove Shoes",56,70,14,"InStock","White","Shoes","Women/Shoes",4.6,84
"H03083","Retropy P9 Shoes",128,160,32,"InStock","Blue","Shoes","Men/Shoes",4.2,6
"H05653","Superstar OT Tech Shoes",80,100,20,"InStock","Black","Shoes","Originals/Shoes",4.3,49
"GX8131","Racer TR21 Wide Shoes",60,75,15,"InStock","White","Shoes","Men/Shoes",4.6,57
"GW7963","Racer TR21 Wide Shoes",60,75,15,"InStock","Black","Shoes","Men/Shoes",4.6,57
"H51143","adidas Sportswear Future Icons 3-Stripes Hooded Track Jacket",52,65,13,"InStock","Black","Clothing","Women/Clothing",4.8,30
"H51144","adidas Sportswear Future Icons 3-Stripes Hooded Track Jacket",52,65,13,"InStock","Grey","Clothing","Women/Clothing",4.8,30
"H59062","Camo Everyday Shorts",32,40,8,"InStock","Grey","Clothing","Men/Clothing",4.6,10
"EX4439","Performance Boxer Briefs 3 Pairs",21,30,9,"InStock","Red","Clothing","Men/Clothing",4.8,233
"HB1552","Parley Sweat Pants (Gender Neutral)",72,80,8,"InStock","Black","Clothing","Sportswear/Clothing",4.8,26
"H00517","EQ21 Run Shoes",72,80,8,"InStock","Blue","Shoes","Men/Shoes",4.6,146
"H00516","EQ21 Run Shoes",72,80,8,"InStock","Orange","Shoes","Men/Shoes",4.6,146
"H34546","Marathon 3-Stripes Jacket",56,70,14,"InStock","Red","Clothing","Men/Clothing",4.8,39
"GU0305","Solid Swim Shorts",20,25,5,"InStock","Gold","Clothing","Men/Clothing",4.6,70
"GT9781","adidas Z.N.E. Sportswear Pants",60,75,15,"InStock","Black","Clothing","Men/Clothing",4.8,30
"S23678","X9000L3 Shoes",96,120,24,"InStock","Grey","Shoes","Men/Shoes",4.3,48
"H42544","Small Crossbody Bag",20,25,5,"InStock","Orange","Accessories","Women/Accessories",4.9,7
"FW6948","X Ghosted.3 Firm Ground Cleats",64,80,16,"InStock","Yellow","Shoes","Soccer/Shoes",4.4,160
"H28793","AEROREADY  Designed to Move Sport Camo-Print Shorts",24,30,6,"InStock","Grey","Clothing","Men/Clothing",4.8,157
"H14684","Foil Mandala Graphic Tee",20,25,5,"InStock","White","Clothing","Women/Clothing",4.5,8
"FW6945","X Ghosted.3 Firm Ground Cleats",64,80,16,"InStock","Pink","Shoes","Soccer/Shoes",4.4,160
"GS4150","Foil Mandala Graphic Tee",18,25,7,"InStock","Blue","Clothing","Women/Clothing",4.5,8
"GT9515","Disney Mickey Mouse Summer Set",37,52,15,"InStock","Pink","Clothing","Kids/Clothing",4.9,9
"H20478","Marimekko Hoodie",56,70,14,"InStock","Red","Clothing","Women/Clothing",4.6,52
"H04513","4D Fusio Shoes",180,200,20,"InStock","Yellow","Shoes","Originals/Shoes",4.2,562
"H04510","4D Fusio Shoes",180,200,20,"InStock","Black","Shoes","Men/Shoes",4.2,562
"FW7518","Predator Freak.3 Indoor Shoes",64,80,16,"InStock","Black","Shoes","Men/Shoes",4.7,51
"GZ7885","4D Fusio Shoes",180,200,20,"InStock","White","Shoes","Men/Shoes",4.2,562
"H04509","4D Fusio Shoes",180,200,20,"InStock","Blue","Shoes","Originals/Shoes",4.2,562
"H04511","4D Fusio Shoes",180,200,20,"InStock","Grey","Shoes","Men/Shoes",4.2,562
"GS6340","FARM Rio Feelbrilliant AEROREADY High-Rise Tights",36,45,9,"InStock","Black","Clothing","Women/Clothing",4.6,48
"H28787","AEROREADY  Designed to Move Sport Camo-Print Shorts",24,30,6,"InStock","Red","Clothing","Men/Clothing",4.8,157
"GQ1082","Solid Swim Shorts",20,25,5,"InStock","Blue","Clothing","Men/Clothing",4.6,70
"GP8632","The Trackstand Cycling Pants",60,75,15,"InStock","Black","Clothing","Men/Clothing",4.7,38
"H04508","4D Fusio Shoes",180,200,20,"InStock","White","Shoes","Originals/Shoes",4.2,562
"GZ7884","4D Fusio Shoes",180,200,20,"InStock","Black","Shoes","Men/Shoes",4.2,562
"H33690","adidas Sportswear Wrapped 3-Stripes Full-Zip Hoodie",33,65,32,"InStock","Pink","Clothing","Women/Clothing",4.7,133
"H34614","Adicolor Classics Crop Hoodie",52,65,13,"InStock","Red","Clothing","Women/Clothing",4.7,249
"H34691","Club Tennis 3-Stripes Tee",32,40,8,"InStock","Blue","Clothing","Men/Clothing",4.8,39
"GP2389","Five Ten Heritage Logo Tee",28,35,7,"InStock","Yellow","Clothing","Men/Clothing",5,8
"GL5681","adidas Sportswear Woven 3-Stripes Track Top",42,70,28,"InStock","Orange","Clothing","Men/Clothing",4.9,72
"GM4601","Five Ten Felsblock Shorts",48,60,12,"InStock","Black","Clothing","Men/Clothing",4.8,4
"H22840","Adicolor Classics Trefoil Tee (Plus Size)",24,30,6,"InStock","Green","Clothing","Women/Clothing",4.5,44
"H39842","adidas Z.N.E. Sportswear Hoodie",80,100,20,"InStock","Green","Clothing","Men/Clothing",4.8,60
"GM4772","Terrex Liteflex Hiking Pants",64,80,16,"InStock","Green","Clothing","Men/Clothing",4.7,99
"G58804","adidas FortaRun x LEGO® DOTS™ Shoes",40,50,10,"InStock","White","Shoes","Kids/Shoes",4.8,52
"GR0678","FC Bayern Tee",20,25,5,"InStock","Red","Clothing","Kids/Clothing",4.4,5
"GI7303","Terrex Multi Primegreen Full-Zip Fleece Jacket",49,70,21,"InStock","Blue","Clothing","Men/Clothing",4.8,32
"GR4080","adidas Sportswear Comfy and Chill Tee",24,30,6,"InStock","White","Clothing","Men/Clothing",4.8,58
"GT1694","Utilitas Hooded Parka",128,160,32,"InStock","Pink","Clothing","Women/Clothing",5,4
"H29178","Aeromotion Tee",24,30,6,"InStock","Green","Clothing","Men/Clothing",4.6,45
"GT9739","Adizero 1/2 Zip Long Sleeve Tee",68,85,17,"InStock","Black","Clothing","Women/Clothing",4.7,3
"GT1692","Utilitas Hooded Parka",128,160,32,"InStock","Green","Clothing","Women/Clothing",5,4
"GT9780","adidas Z.N.E. Sportswear Hoodie",80,100,20,"InStock","Black","Clothing","Men/Clothing",4.8,60
"GZ7927","Hoops 2.0 Mid Shoes",46,65,19,"InStock","White","Shoes","Men/Shoes",4.5,231
"HB1419","adidas Sportswear Future Icons 3-Stripes Sweatshirt",44,55,11,"InStock","Black","Clothing","Men/Clothing",4.7,54
"FZ2489","Adizero RC 3 Shoes",80,100,20,"InStock","Blue","Shoes","Men/Shoes",4.3,13
"GR4259","Real Madrid Tee",20,25,5,"InStock","Blue","Clothing","Kids/Clothing",4.3,3
"H21531","adidas Sportswear Comfy and Chill Tee",24,30,6,"InStock","Grey","Clothing","Men/Clothing",4.8,58
"FY4084","Adizero RC 3 Tokyo Shoes",80,100,20,"InStock","White","Shoes","Men/Shoes",4.3,13
"H21533","adidas Sportswear Comfy and Chill Tee",24,30,6,"InStock","Black","Clothing","Men/Clothing",4.8,58
"GT7836","Ergo Tennis Shorts",48,60,12,"InStock","Black","Clothing","Men/Clothing",4.5,20
"HB1418","adidas Sportswear Future Icons 3-Stripes Sweatshirt",44,55,11,"InStock","Grey","Clothing","Men/Clothing",4.7,54
"EX6696","Superlite Hat",17,24,7,"InStock","Purple","Accessories","Women/Accessories",4.8,126
"H45374","adidas Sportswear Comfy & Chill Pants",44,55,11,"InStock","Black","Clothing","Men/Clothing",4.6,73
"H56354","adidas Sportswear Comfy & Chill Pants",44,55,11,"InStock","White","Clothing","Men/Clothing",4.6,73
"GT4792","4CMTE Four Panel RAIN.RDY Running Training Cycling Cap",21,30,9,"InStock","Black","Accessories","Running/Accessories",4.7,25
"EX6588","Linear Superlite Super-No-Show Socks 6 Pairs",14,20,6,"InStock","Multicolor","Accessories","Women/Accessories",4.8,6
"EX4446","Stretch Cotton Trunk Briefs 3 Pairs",21,30,9,"InStock","Grey","Clothing","Men/Clothing",4.4,9
"EY0208","Long Sleeve Tee and Printed Tights Set",36,44,8,"InStock","Pink","Clothing","Kids/Clothing",5,1
"EX6537","Santiago Lunch Bag",20,25,5,"InStock","Grey","Accessories","Training/Accessories",5,51
"EY3692","Relaxed Camo Trefoil Hat",21,26,5,"InStock","Green","Accessories","Men/Accessories",4.8,4
"EY0004","Camo Pants",28,40,12,"InStock","Black","Clothing","Kids/Clothing",4,1
"EX6535","Santiago Lunch Bag",20,25,5,"InStock","Grey","Accessories","Training/Accessories",5,51
"EX6529","Santiago Lunch Bag",20,25,5,"InStock","Pink","Accessories","Training/Accessories",5,51
"EW3431","Originals Sunglasses OR0013",70,100,30,"InStock","Black","Accessories","Originals/Accessories",4.7,3
"EX6528","Santiago Lunch Bag",20,25,5,"InStock","Grey","Accessories","Training/Accessories",5,51
"EX6531","Santiago Lunch Bag",20,25,5,"InStock","Black","Accessories","Training/Accessories",5,51
"GZ5350","Retrorun Shoes",52,65,13,"InStock","Green","Shoes","Women/Shoes",4.5,762
"EX6853","Classic Superlite No-Show Socks 6 Pairs",16,20,4,"InStock","Multicolor","Accessories","Men/Accessories",4.7,34
"H25047","Runner Tee",36,45,9,"InStock","Blue","Clothing","Men/Clothing",4.8,222
"H25046","Runner Tee",36,45,9,"InStock","Red","Clothing","Men/Clothing",4.8,222
"GN7927","Badge of Sport Tee",21,30,9,"InStock","White","Clothing","Men/Clothing",4.7,102
"H20107","AEROREADY 3-Stripes 8-Inch Shorts",32,40,8,"InStock","White","Clothing","Men/Clothing",4.8,667
"GN7926","Badge of Sport Tee",21,30,9,"InStock","Grey","Clothing","Men/Clothing",4.7,102
"EW4470","Cushioned Angle Stripe Low-Cut Socks 6 Pairs",13,16,3,"InStock","Multicolor","Accessories","Kids/Accessories",4.9,41
"H25050","Runner Tee",36,45,9,"InStock","Burgundy","Clothing","Men/Clothing",4.8,222
"GV7370","Retrorun Shoes",52,65,13,"InStock","Purple","Shoes","Women/Shoes",4.5,762
"EX6776","Relaxed Marble Wash Hat",23,28,5,"InStock","Multicolor","Accessories","Men/Accessories",5,2
"EX4818","Originals Sunglasses OR0032",112,160,48,"InStock","Brown","Accessories","Originals/Accessories",5,2
"GV7374","Retrorun Shoes",52,65,13,"InStock","White","Shoes","Women/Shoes",4.5,762
"GQ1346","Runner Tee",36,45,9,"InStock","White","Clothing","Men/Clothing",4.8,222
"EX7146","Cushioned X Mid-Crew Socks 3 Pairs",15,18,3,"InStock","Grey","Accessories","Men/Accessories",5,5
"H25045","Runner Tee",36,45,9,"InStock","Grey","Clothing","Men/Clothing",4.8,222
"EY0066","Indicator Jacket",40,50,10,"InStock","Black","Clothing","Kids/Clothing",4.8,4
"EX7508","Relaxed Marble Wash Hat",23,28,5,"InStock","Multicolor","Accessories","Men/Accessories",5,2
"EX7025","VFA Backpack",40,50,10,"InStock","Purple","Accessories","Women/Accessories",4.9,76
"FW6968","X Ghosted.3 Laceless Firm Ground Cleats",80,100,20,"InStock","Pink","Shoes","Soccer/Shoes",4.4,281
"H07813","Essentials Logo Tee (Plus Size)",20,25,5,"InStock","Grey","Clothing","Women/Clothing",4.5,29
"EX4821","Originals Sunglasses OR0032",112,160,48,"InStock","Black","Accessories","Originals/Accessories",5,2
"GS3935","adidas x Zoe Saldana Long Sleeve Tee",28,35,7,"InStock","Black","Clothing","Women/Clothing",4.6,15
"H14696","Zebra Logo Graphic Tee",20,25,5,"InStock","Blue","Clothing","Women/Clothing",4.5,25
"H20456","HER Studio London Hoodie",56,70,14,"InStock","White","Clothing","Women/Clothing",4.9,17
"H48154","Aggies Long Sleeve Quarter-Zip Knit Sweatshirt",60,75,15,"InStock","Multi","Clothing","Women/Clothing",5,1
"H33694","Adicolor Classics Satin Dress",48,60,12,"InStock","Black","Clothing","Women/Clothing",4.7,28
"H11395","Adicolor Oversized Sweatshirt",68,85,17,"InStock","White","Clothing","Women/Clothing",4.7,15
"H32461","R.Y.V. Sling Pack",41,58,17,"InStock","Black","Accessories","Originals/Accessories",5,9
"HA5695","adidas Sportswear Future Icons Animal-Print Sweatshirt",48,60,12,"InStock","Grey","Clothing","Women/Clothing",4.8,5
"H14695","Zebra Logo Graphic Tee",20,25,5,"InStock","White","Clothing","Women/Clothing",4.5,25
"H20483","Marimekko Trefoil Infill Cropped Tee",25,35,10,"InStock","White","Clothing","Women/Clothing",4.7,41
"H06683","Adicolor Classics 3-Stripes Windbreaker",80,100,20,"InStock","Black","Clothing","Men/Clothing",4.9,12
"H28794","AEROREADY  Designed to Move Sport Camo Logo Tee",20,25,5,"InStock","Green","Clothing","Men/Clothing",4.9,41
"GS4155","Zebra Logo Graphic Tee",20,25,5,"InStock","Green","Clothing","Women/Clothing",4.5,25
"H20311","Camo-Print SST Top",40,50,10,"InStock","Blue","Clothing","Kids/Clothing",4.9,25
"H20312","Camo-Print Hoodie",36,45,9,"InStock","Blue","Clothing","Kids/Clothing",4.6,64
"GV5159","Short Sleeve Graphic Tee",24,30,6,"InStock","White","Clothing","Men/Clothing",4.9,7
"H33677","Tiro Cargo Pants",45,55,10,"InStock","Burgundy","Clothing","Women/Clothing",4.9,26
"H13914","adidas Adventure Ball Cap",23,32,9,"InStock","Blue","Accessories","Originals/Accessories",4.5,2
"H32458","R.Y.V. Toploader Backpack",63,90,27,"InStock","Black","Accessories","Originals/Accessories",4.7,7
"GS4147","Flower Camo Box Graphic Tee",20,25,5,"InStock","White","Clothing","Women/Clothing",4.5,4
"GU6302","adidas Hockey Hoodie",42,60,18,"InStock","Black","Clothing","Men/Clothing",5,2
"GN4406","Fast Primeblue Tee",32,40,8,"InStock","Black","Clothing","Women/Clothing",4.8,13
"GH8146","Pacer 3-Stripes Woven Shorts",20,25,5,"InStock","Black","Clothing","Women/Clothing",4.7,98
"H32236","Fast Primeblue Tee",32,40,8,"InStock","White","Clothing","Women/Clothing",4.8,13
"H11276","Fast Primeblue Tee",32,40,8,"InStock","Green","Clothing","Women/Clothing",4.8,13
"H17923","Short Piping High-Waist Tights",28,40,12,"InStock","Black","Clothing","Women/Clothing",5,5
"H35501","Adicolor Essentials Trefoil Swim Shorts",28,35,7,"InStock","Yellow","Clothing","Men/Clothing",4.8,23
"H22628","Marble Logo Graphic Print Hoodie",32,45,13,"InStock","White","Clothing","Kids/Clothing",5,8
"S42718","Supernova+ Shoes",84,120,36,"InStock","Blue","Shoes","Women/Shoes",4.3,151
"FX1983","Copa Sense.3 Laceless Firm Ground Cleats",49,70,21,"InStock","White","Shoes","Kids/Shoes",4.8,43
"H32424","Jacquard Trefoil Crew Socks 2 Pairs",12,14,2,"InStock","White","Accessories","Originals/Accessories",5,9
"FX2247","EQ21 Run Shoes",44,55,11,"InStock","Blue","Shoes","Kids/Shoes",4.7,177
"GV9935","EQ21 Run Shoes",48,60,12,"InStock","Grey","Shoes","Kids/Shoes",4.7,177
"FW6935","X Ghosted.3 Firm Ground Cleats",42,60,18,"InStock","Pink","Shoes","Kids/Shoes",4.7,68
"S42721","Supernova+ Shoes",84,120,36,"InStock","Grey","Shoes","Women/Shoes",4.3,151
"GW4844","QT Racer Sport Shoes",52,65,13,"InStock","White","Shoes","Women/Shoes",4.4,454
"FX2858","Supernova+ Shoes",72,120,48,"InStock","White","Shoes","Women/Shoes",4.3,151
"H00667","Choigo Shoes",70,100,30,"InStock","White","Shoes","Women/Shoes",4.7,135
"GZ7705","Daily 3.0 Shoes",35,50,15,"InStock","Black","Shoes","Kids/Shoes",4.7,190
"GZ7706","Daily 3.0 Shoes",40,50,10,"InStock","Pink","Shoes","Kids/Shoes",4.7,190
"FY6503","Choigo Shoes",70,100,30,"InStock","Black","Shoes","Women/Shoes",4.7,135
